ID,TIME,DV,AMT,MDV,EVID
1,0,0,120,1,1
1,0,0.925134553267878,0,0,0
1,0,0.707490183959745,0,0,0
1,0,0.385012897881396,0,0,0
1,0,0.0780553667329204,0,0,0
