ID,TIME,DV,AMT,MDV,EVID
1,0,0,120,1,1
1,0,1.14330650005219,0,0,0
1,0,0.6774618129186,0,0,0
1,0,0.32651488464831,0,0,0
1,0,0.0776144778424808,0,0,0
