ID,TIME,DV,AMT,MDV,EVID
1,0,0,120,1,1
1,0,1.05151132647022,0,0,0
1,0,0.419241797301942,0,0,0
1,0,0.18877430999079,0,0,0
1,0,0.0352441302782441,0,0,0
