ID,TIME,DV,AMT,MDV,EVID
1,0,0,120,1,1
1,0,1.20179268383726,0,0,0
1,0,0.625904657329886,0,0,0
1,0,0.27392439078341,0,0,0
1,0,0.0399090535190282,0,0,0
