ID,TIME,DV,AMT,MDV,EVID
1,0,0,120,1,1
1,0,0.886663024619328,0,0,0
1,0,0.904081926287635,0,0,0
1,0,0.578827060599176,0,0,0
1,0,0.255967353347125,0,0,0
