ID,TIME,DV,AMT,MDV,EVID
1,0,0,120,1,1
1,0,1.4005825596572,0,0,0
1,0,0.951936593057747,0,0,0
1,0,0.447281781084697,0,0,0
1,0,0.125154222758837,0,0,0
