ID,TIME,DV,AMT,MDV,EVID
1,0,0,120,1,1
1,0,0.914139472321646,0,0,0
1,0,0.559647798693417,0,0,0
1,0,0.246699534217532,0,0,0
1,0,0.0330579589257285,0,0,0
