ID,TIME,DV,AMT,MDV,EVID
1,0,0,120,1,1
1,0,1.26243764319047,0,0,0
1,0,0.807705091536324,0,0,0
1,0,0.359507862816173,0,0,0
1,0,0.0935771363696329,0,0,0
