ID,TIME,DV,AMT,MDV,EVID
1,0,0,120,1,1
1,0,1.1172091360895,0,0,0
1,0,1.08133004558935,0,0,0
1,0,0.589410340978904,0,0,0
1,0,0.196925393574728,0,0,0
