ID,TIME,DV,AMT,MDV,EVID
1,0,0,120,1,1
1,0,1.51968217338269,0,0,0
1,0,0.975832806908891,0,0,0
1,0,0.598973373017144,0,0,0
1,0,0.197664590958042,0,0,0
