ID,TIME,DV,AMT,MDV,EVID
1,0,0,120,1,1
1,0,0.824242342915464,0,0,0
1,0,0.758806949997888,0,0,0
1,0,0.389816038272453,0,0,0
1,0,0.0968712764645945,0,0,0
