ID,TIME,DV,AMT,MDV,EVID
1,0,0,120,1,1
1,0,1.03064551708518,0,0,0
1,0,0.756528122563458,0,0,0
1,0,0.388050035708912,0,0,0
1,0,0.0805335639770518,0,0,0
