ID,TIME,DV,AMT,MDV,EVID
1,0,0,120,1,1
1,0,1.14454545813319,0,0,0
1,0,0.845582100172634,0,0,0
1,0,0.468423664585105,0,0,0
1,0,0.167045584309723,0,0,0
