ID,TIME,DV,AMT,MDV,EVID
1,0,0,120,1,1
1,0,1.02501966728358,0,0,0
1,0,0.899700488050481,0,0,0
1,0,0.562465162266626,0,0,0
1,0,0.252181307792621,0,0,0
