ID,TIME,DV,AMT,MDV,EVID
1,0,0,120,1,1
1,0,0.864154413512417,0,0,0
1,0,0.704598860607905,0,0,0
1,0,0.403324150319609,0,0,0
1,0,0.163457126062392,0,0,0
