ID,TIME,DV,AMT,MDV,EVID
1,0,0,120,1,1
1,0,1.03473460655287,0,0,0
1,0,0.676855698876871,0,0,0
1,0,0.513979156185217,0,0,0
1,0,0.285170002063526,0,0,0
