ID,TIME,DV,AMT,MDV,EVID
1,0,0,120,1,1
1,0,1.20697181381987,0,0,0
1,0,0.675765010438571,0,0,0
1,0,0.317587499933635,0,0,0
1,0,0.0667937557995894,0,0,0
