ID,TIME,DV,AMT,MDV,EVID
1,0,0,120,1,1
1,0,0.905145332970003,0,0,0
1,0,0.670964550884745,0,0,0
1,0,0.43022666003644,0,0,0
1,0,0.180170127379788,0,0,0
