ID,TIME,DV,AMT,MDV,EVID
1,0,0,120,1,1
1,0,1.47200868522927,0,0,0
1,0,0.83155865206144,0,0,0
1,0,0.28922612166617,0,0,0
1,0,0.0480313703645122,0,0,0
