ID,TIME,DV,AMT,MDV,EVID
1,0,0,120,1,1
1,0,1.01195776959879,0,0,0
1,0,0.664796464658069,0,0,0
1,0,0.254169969297049,0,0,0
1,0,0.0311889559301412,0,0,0
