ID,TIME,DV,AMT,MDV,EVID
1,0,0,120,1,1
1,0,0.798502539560108,0,0,0
1,0,0.815404431498974,0,0,0
1,0,0.544298285450772,0,0,0
1,0,0.24093178885117,0,0,0
