ID,TIME,DV,AMT,MDV,EVID
1,0,0,120,1,1
1,0,0.864576927511232,0,0,0
1,0,0.602628157555406,0,0,0
1,0,0.323428709629506,0,0,0
1,0,0.154994832134675,0,0,0
