ID,TIME,DV,AMT,MDV,EVID
1,0,0,120,1,1
1,0,1.07762734277237,0,0,0
1,0,0.61833918041381,0,0,0
1,0,0.282716846584974,0,0,0
1,0,0.0524964927468274,0,0,0
