ID,TIME,DV,AMT,MDV,EVID
1,0,0,120,1,1
1,0,0.841181465940363,0,0,0
1,0,0.598283720996709,0,0,0
1,0,0.391849402425212,0,0,0
1,0,0.101179315367122,0,0,0
