ID,TIME,DV,AMT,MDV,EVID
1,0,0,120,1,1
1,0,1.20498402460676,0,0,0
1,0,0.652598439096969,0,0,0
1,0,0.326733821248727,0,0,0
1,0,0.104657521502769,0,0,0
