ID,TIME,DV,AMT,MDV,EVID
1,0,0,120,1,1
1,0,0.615350851141798,0,0,0
1,0,0.618229915249784,0,0,0
1,0,0.434605126834301,0,0,0
1,0,0.219322455952472,0,0,0
