ID,TIME,DV,AMT,MDV,EVID
1,0,0,120,1,1
1,0,0.695696117982827,0,0,0
1,0,0.794582973095502,0,0,0
1,0,0.436446740311857,0,0,0
1,0,0.123262851569861,0,0,0
