ID,TIME,DV,AMT,MDV,EVID
1,0,0,120,1,1
1,0,1.27219211357526,0,0,0
1,0,0.574712121314784,0,0,0
1,0,0.193583437647755,0,0,0
1,0,0.023585506314791,0,0,0
