ID,TIME,DV,AMT,MDV,EVID
1,0,0,120,1,1
1,0,0.874978794670466,0,0,0
1,0,0.646836062275853,0,0,0
1,0,0.404098216719667,0,0,0
1,0,0.153998807435486,0,0,0
