ID,TIME,DV,AMT,MDV,EVID
1,0,0,120,1,1
1,0,1.12056630820086,0,0,0
1,0,0.547283731331534,0,0,0
1,0,0.238725430810117,0,0,0
1,0,0.0316982543516234,0,0,0
