ID,TIME,DV,AMT,MDV,EVID
1,0,0,120,1,1
1,0,0.926992133362512,0,0,0
1,0,0.765808320592388,0,0,0
1,0,0.544655618168424,0,0,0
1,0,0.271598804345108,0,0,0
