ID,TIME,DV,AMT,MDV,EVID
1,0,0,120,1,1
1,0,0.697991453511796,0,0,0
1,0,0.584933916231485,0,0,0
1,0,0.477132121728243,0,0,0
1,0,0.258259967717082,0,0,0
