ID,TIME,DV,AMT,MDV,EVID
1,0,0,120,1,1
1,0,0.98091139275683,0,0,0
1,0,0.881292443207604,0,0,0
1,0,0.560807472357774,0,0,0
1,0,0.294249647971919,0,0,0
