ID,TIME,DV,AMT,MDV,EVID
1,0,0,120,1,1
1,0,1.43638165706647,0,0,0
1,0,0.859529696748956,0,0,0
1,0,0.461588899475792,0,0,0
1,0,0.134366817672386,0,0,0
