ID,TIME,DV,AMT,MDV,EVID
1,0,0,120,1,1
1,0,1.09414778871263,0,0,0
1,0,0.846754666946058,0,0,0
1,0,0.51467568841915,0,0,0
1,0,0.220841503424573,0,0,0
