ID,TIME,DV,AMT,MDV,EVID
1,0,0,120,1,1
1,0,0.971407255102384,0,0,0
1,0,0.542249696383048,0,0,0
1,0,0.187675342807884,0,0,0
1,0,0.0294906962759234,0,0,0
