ID,TIME,DV,AMT,MDV,EVID
1,0,0,120,1,1
1,0,1.36652778392773,0,0,0
1,0,0.637178304559307,0,0,0
1,0,0.280030515293053,0,0,0
1,0,0.0491334423469098,0,0,0
