ID,TIME,DV,AMT,MDV,EVID
1,0,0,120,1,1
1,0,1.23737884858531,0,0,0
1,0,0.525498648081905,0,0,0
1,0,0.195104043903159,0,0,0
1,0,0.0161647176944055,0,0,0
