ID,TIME,DV,AMT,MDV,EVID
1,0,0,120,1,1
1,0,1.12056464502893,0,0,0
1,0,0.550020186380825,0,0,0
1,0,0.255179711735014,0,0,0
1,0,0.0542321371954003,0,0,0
