ID,TIME,DV,AMT,MDV,EVID
1,0,0,120,1,1
1,0,1.25502154829469,0,0,0
1,0,0.756890519584648,0,0,0
1,0,0.304593797419736,0,0,0
1,0,0.0399342777261949,0,0,0
