ID,TIME,DV,AMT,MDV,EVID
1,0,0,120,1,1
1,0,1.23827726154865,0,0,0
1,0,0.6807469654884,0,0,0
1,0,0.290828339683147,0,0,0
1,0,0.041059680167771,0,0,0
