ID,TIME,DV,AMT,MDV,EVID
1,0,0,120,1,1
1,0,1.1015740787333,0,0,0
1,0,0.809903093737268,0,0,0
1,0,0.473867803975009,0,0,0
1,0,0.132570516740642,0,0,0
