ID,TIME,DV,AMT,MDV,EVID
1,0,0,120,1,1
1,0,1.04651643178551,0,0,0
1,0,0.78637301670103,0,0,0
1,0,0.34052339699088,0,0,0
1,0,0.0929478500132507,0,0,0
