ID,TIME,DV,AMT,MDV,EVID
1,0,0,120,1,1
1,0,1.32140966180613,0,0,0
1,0,0.827578012855994,0,0,0
1,0,0.382709942685723,0,0,0
1,0,0.0898257711721412,0,0,0
