ID,TIME,DV,AMT,MDV,EVID
1,0,0,120,1,1
1,0,1.01012112777571,0,0,0
1,0,0.59760419431497,0,0,0
1,0,0.315711015945351,0,0,0
1,0,0.0813684202154524,0,0,0
