ID,TIME,DV,AMT,MDV,EVID
1,0,0,120,1,1
1,0,1.25412962833166,0,0,0
1,0,0.738935219713545,0,0,0
1,0,0.363450359691219,0,0,0
1,0,0.0708073771974291,0,0,0
