ID,TIME,DV,AMT,MDV,EVID
1,0,0,120,1,1
1,0,0.845440067206721,0,0,0
1,0,0.468569540266622,0,0,0
1,0,0.101546406613084,0,0,0
1,0,0.00377761150212353,0,0,0
