ID,TIME,DV,AMT,MDV,EVID
1,0,0,120,1,1
1,0,0.790554471418613,0,0,0
1,0,0.4305065962854,0,0,0
1,0,0.15138764295435,0,0,0
1,0,0.0192065895104679,0,0,0
