ID,TIME,DV,AMT,MDV,EVID
1,0,0,120,1,1
1,0,1.07330312602226,0,0,0
1,0,0.926703341473651,0,0,0
1,0,0.387192582053402,0,0,0
1,0,0.0753653244171728,0,0,0
