ID,TIME,DV,AMT,MDV,EVID
1,0,0,120,1,1
1,0,0.921965629132624,0,0,0
1,0,0.68847385119095,0,0,0
1,0,0.445548200446027,0,0,0
1,0,0.154169847692747,0,0,0
