ID,TIME,DV,AMT,MDV,EVID
1,0,0,120,1,1
1,0,1.34579110362594,0,0,0
1,0,0.628507719509956,0,0,0
1,0,0.284382984186412,0,0,0
1,0,0.0634861848512272,0,0,0
