ID,TIME,DV,AMT,MDV,EVID
1,0,0,120,1,1
1,0,0.994109079616161,0,0,0
1,0,0.636919852083033,0,0,0
1,0,0.407125622067653,0,0,0
1,0,0.201425345865218,0,0,0
