ID,TIME,DV,AMT,MDV,EVID
1,0,0,120,1,1
1,0,0.830323223189904,0,0,0
1,0,0.595102523380365,0,0,0
1,0,0.332780168580302,0,0,0
1,0,0.103112081429396,0,0,0
