ID,TIME,DV,AMT,MDV,EVID
1,0,0,120,1,1
1,0,0.794731163360203,0,0,0
1,0,0.830472807057851,0,0,0
1,0,0.495695754203308,0,0,0
1,0,0.160541738995772,0,0,0
