ID,TIME,DV,AMT,MDV,EVID
1,0,0,120,1,1
1,0,1.03092405637094,0,0,0
1,0,0.730520438894704,0,0,0
1,0,0.400355714855973,0,0,0
1,0,0.113664032996284,0,0,0
