ID,TIME,DV,AMT,MDV,EVID
1,0,0,120,1,1
1,0,0.909942672950007,0,0,0
1,0,0.645332986081449,0,0,0
1,0,0.428338414167116,0,0,0
1,0,0.145384209628225,0,0,0
