ID,TIME,DV,AMT,MDV,EVID
1,0,0,120,1,1
1,0,1.2094403291529,0,0,0
1,0,0.848354218235551,0,0,0
1,0,0.559039043300632,0,0,0
1,0,0.207466902319905,0,0,0
