ID,TIME,DV,AMT,MDV,EVID
1,0,0,120,1,1
1,0,0.825630407428267,0,0,0
1,0,0.744963951546295,0,0,0
1,0,0.420304146771137,0,0,0
1,0,0.158689886898622,0,0,0
