ID,TIME,DV,AMT,MDV,EVID
1,0,0,120,1,1
1,0,0.887215372458646,0,0,0
1,0,0.703471542465888,0,0,0
1,0,0.392953656879949,0,0,0
1,0,0.0908369686657265,0,0,0
