ID,TIME,DV,AMT,MDV,EVID
1,0,0,120,1,1
1,0,1.39848902911822,0,0,0
1,0,1.05722072823661,0,0,0
1,0,0.626510871922494,0,0,0
1,0,0.210730835883715,0,0,0
