ID,TIME,DV,AMT,MDV,EVID
1,0,0,120,1,1
1,0,0.80351057712244,0,0,0
1,0,0.738031226129281,0,0,0
1,0,0.354756984096596,0,0,0
1,0,0.103451655326592,0,0,0
