ID,TIME,DV,AMT,MDV,EVID
1,0,0,120,1,1
1,0,1.59796487099441,0,0,0
1,0,0.646900382712039,0,0,0
1,0,0.25783627217076,0,0,0
1,0,0.0294616084915926,0,0,0
