ID,TIME,DV,AMT,MDV,EVID
1,0,0,120,1,1
1,0,0.934397237640572,0,0,0
1,0,0.699161151541776,0,0,0
1,0,0.419655196211542,0,0,0
1,0,0.149573392321155,0,0,0
