ID,TIME,DV,AMT,MDV,EVID
1,0,0,120,1,1
1,0,1.59177078231668,0,0,0
1,0,0.831795201774581,0,0,0
1,0,0.439056360623056,0,0,0
1,0,0.0935102005026299,0,0,0
