ID,TIME,DV,AMT,MDV,EVID
1,0,0,120,1,1
1,0,1.24314962854694,0,0,0
1,0,0.923397416045601,0,0,0
1,0,0.468475358315444,0,0,0
1,0,0.18113351778191,0,0,0
