ID,TIME,DV,AMT,MDV,EVID
1,0,0,120,1,1
1,0,0.964380659925293,0,0,0
1,0,0.434345555748523,0,0,0
1,0,0.204447070133351,0,0,0
1,0,0.0294884044996178,0,0,0
