ID,TIME,DV,AMT,MDV,EVID
1,0,0,120,1,1
1,0,1.08316037553719,0,0,0
1,0,0.622029176930853,0,0,0
1,0,0.24739530238611,0,0,0
1,0,0.0523393832294707,0,0,0
