ID,TIME,DV,AMT,MDV,EVID
1,0,0,120,1,1
1,0,0.904982551149382,0,0,0
1,0,0.617865491947304,0,0,0
1,0,0.376763947175983,0,0,0
1,0,0.121949494548437,0,0,0
