ID,TIME,DV,AMT,MDV,EVID
1,0,0,120,1,1
1,0,1.22398749281168,0,0,0
1,0,0.459732668503997,0,0,0
1,0,0.138213307274019,0,0,0
1,0,0.0107900885957471,0,0,0
