ID,TIME,DV,AMT,MDV,EVID
1,0,0,120,1,1
1,0,0.805171870567852,0,0,0
1,0,0.634066721650148,0,0,0
1,0,0.428950656373406,0,0,0
1,0,0.199325875143535,0,0,0
