ID,TIME,DV,AMT,MDV,EVID
1,0,0,120,1,1
1,0,1.12204095806119,0,0,0
1,0,0.779678802953089,0,0,0
1,0,0.430158244508371,0,0,0
1,0,0.131444163227656,0,0,0
