ID,TIME,DV,AMT,MDV,EVID
1,0,0,120,1,1
1,0,1.28321590695119,0,0,0
1,0,0.617298796539518,0,0,0
1,0,0.27322679028356,0,0,0
1,0,0.0424776809303939,0,0,0
