ID,TIME,DV,AMT,MDV,EVID
1,0,0,120,1,1
1,0,1.20426163420109,0,0,0
1,0,0.565688008332811,0,0,0
1,0,0.29214588212398,0,0,0
1,0,0.0766083565081722,0,0,0
