ID,TIME,DV,AMT,MDV,EVID
1,0,0,120,1,1
1,0,1.1854238752845,0,0,0
1,0,0.813763134767919,0,0,0
1,0,0.431805014710051,0,0,0
1,0,0.14415743765147,0,0,0
