ID,TIME,DV,AMT,MDV,EVID
1,0,0,120,1,1
1,0,1.20068265326551,0,0,0
1,0,0.81233453112788,0,0,0
1,0,0.37708607417568,0,0,0
1,0,0.128071137262822,0,0,0
