ID,TIME,DV,AMT,MDV,EVID
1,0,0,120,1,1
1,0,1.23923812719359,0,0,0
1,0,0.750336555615679,0,0,0
1,0,0.378518279036476,0,0,0
1,0,0.0801259916846262,0,0,0
