ID,TIME,DV,AMT,MDV,EVID
1,0,0,120,1,1
1,0,0.91223795091508,0,0,0
1,0,0.604085149456849,0,0,0
1,0,0.346924852220434,0,0,0
1,0,0.112999914352563,0,0,0
