ID,TIME,DV,AMT,MDV,EVID
1,0,0,120,1,1
1,0,1.24677115326927,0,0,0
1,0,1.01007281780196,0,0,0
1,0,0.63841362501985,0,0,0
1,0,0.244041232211533,0,0,0
