ID,TIME,DV,AMT,MDV,EVID
1,0,0,120,1,1
1,0,1.35964286671094,0,0,0
1,0,0.876815466069806,0,0,0
1,0,0.386578883418682,0,0,0
1,0,0.0762337935626963,0,0,0
