ID,TIME,DV,AMT,MDV,EVID
1,0,0,120,1,1
1,0,1.085244683189,0,0,0
1,0,0.860584503881433,0,0,0
1,0,0.50273557642096,0,0,0
1,0,0.186969564025789,0,0,0
