ID,TIME,DV,AMT,MDV,EVID
1,0,0,120,1,1
1,0,0.848221811133992,0,0,0
1,0,0.747168805826562,0,0,0
1,0,0.43196016310288,0,0,0
1,0,0.129355708797534,0,0,0
