ID,TIME,DV,AMT,MDV,EVID
1,0,0,120,1,1
1,0,1.01910343107842,0,0,0
1,0,0.536414083856556,0,0,0
1,0,0.133161673909068,0,0,0
1,0,0.00810580577322659,0,0,0
