ID,TIME,DV,AMT,MDV,EVID
1,0,0,120,1,1
1,0,1.27184589093382,0,0,0
1,0,0.891308459074274,0,0,0
1,0,0.460745026511993,0,0,0
1,0,0.113552707812575,0,0,0
