ID,TIME,DV,AMT,MDV,EVID
1,0,0,120,1,1
1,0,1.17854052282192,0,0,0
1,0,0.950329840252643,0,0,0
1,0,0.408963577087035,0,0,0
1,0,0.0937946610377449,0,0,0
