ID,TIME,DV,AMT,MDV,EVID
1,0,0,120,1,1
1,0,0.93412168162696,0,0,0
1,0,0.858230765749599,0,0,0
1,0,0.564286669151071,0,0,0
1,0,0.245987401795396,0,0,0
