ID,TIME,DV,AMT,MDV,EVID
1,0,0,120,1,1
1,0,0.698616322504999,0,0,0
1,0,0.638968433204644,0,0,0
1,0,0.434484272624326,0,0,0
1,0,0.120389894897143,0,0,0
