ID,TIME,DV,AMT,MDV,EVID
1,0,0,120,1,1
1,0,0.647973769457713,0,0,0
1,0,0.805025901166608,0,0,0
1,0,0.984403095774318,0,0,0
1,0,1.05488095419899,0,0,0
1,0,0.977906206742459,0,0,0
1,0,0.79041980269496,0,0,0
1,0,0.717658654392253,0,0,0
1,0,0.482495286378677,0,0,0
1,0,0.205550016569493,0,0,0
