ID,TIME,DV,AMT,MDV,EVID
1,0,0,120,1,1
1,0,0.409738969648971,0,0,0
1,0,0.632885911896065,0,0,0
1,0,0.751705130833854,0,0,0
1,0,0.807409869490445,0,0,0
1,0,0.932303186232864,0,0,0
1,0,0.899285710799911,0,0,0
1,0,0.770377563071392,0,0,0
1,0,0.6175183364378,0,0,0
1,0,0.368142758248663,0,0,0
