ID,TIME,DV,AMT,MDV,EVID
1,0,0,120,1,1
1,0,0.757652785044194,0,0,0
1,0,0.864989632666846,0,0,0
1,0,1.08399318265208,0,0,0
1,0,1.18111581723044,0,0,0
1,0,1.08945058989592,0,0,0
1,0,1.01922021958507,0,0,0
1,0,0.673321398257076,0,0,0
1,0,0.246056373728904,0,0,0
1,0,0.0316637605938824,0,0,0
