ID,TIME,DV,AMT,MDV,EVID
1,0,0,120,1,1
1,0,0.52398778758076,0,0,0
1,0,0.78828938411427,0,0,0
1,0,0.941645554259204,0,0,0
1,0,1.08876915679543,0,0,0
1,0,0.830664968999357,0,0,0
1,0,0.819395322918274,0,0,0
1,0,0.647975391025752,0,0,0
1,0,0.317988473412026,0,0,0
1,0,0.0653917838208777,0,0,0
