ID,TIME,DV,AMT,MDV,EVID
1,0,0,120,1,1
1,0,0.763852389843938,0,0,0
1,0,1.02839080455281,0,0,0
1,0,0.916164446613098,0,0,0
1,0,0.844877064999833,0,0,0
1,0,0.744987197521667,0,0,0
1,0,0.694045186123962,0,0,0
1,0,0.61971485371438,0,0,0
1,0,0.458730134958228,0,0,0
1,0,0.206224983969675,0,0,0
