ID,TIME,DV,AMT,MDV,EVID
1,0,0,120,1,1
1,0,0.491243446334088,0,0,0
1,0,0.714735630174877,0,0,0
1,0,0.911764070318671,0,0,0
1,0,1.0082687820871,0,0,0
1,0,0.870008491823585,0,0,0
1,0,0.824545682025931,0,0,0
1,0,0.686517543045555,0,0,0
1,0,0.43860954421607,0,0,0
1,0,0.154146171062342,0,0,0
