ID,TIME,DV,AMT,MDV,EVID
1,0,0,120,1,1
1,0,0.561486590587328,0,0,0
1,0,0.836273381286928,0,0,0
1,0,0.910373308134353,0,0,0
1,0,0.948448609553994,0,0,0
1,0,0.908504105729047,0,0,0
1,0,0.893801503776014,0,0,0
1,0,0.690511434210899,0,0,0
1,0,0.470556167773549,0,0,0
1,0,0.185209991025257,0,0,0
