ID,TIME,DV,AMT,MDV,EVID
1,0,0,120,1,1
1,0,0.81028709519728,0,0,0
1,0,1.08485186627798,0,0,0
1,0,1.4111170923957,0,0,0
1,0,1.33510324464944,0,0,0
1,0,1.31186211499049,0,0,0
1,0,1.23068708115316,0,0,0
1,0,1.02309173851888,0,0,0
1,0,0.501860649687082,0,0,0
1,0,0.130153020778877,0,0,0
