ID,TIME,DV,AMT,MDV,EVID
1,0,0,120,1,1
1,0,0.805734007845335,0,0,0
1,0,0.877338839479884,0,0,0
1,0,1.03784862445229,0,0,0
1,0,0.839699354803778,0,0,0
1,0,0.729456875695807,0,0,0
1,0,0.615200819109471,0,0,0
1,0,0.518439701361887,0,0,0
1,0,0.300919454069723,0,0,0
1,0,0.11189028808874,0,0,0
