ID,TIME,DV,AMT,MDV,EVID
1,0,0,120,1,1
1,0,0.545681968862801,0,0,0
1,0,1.01550985704581,0,0,0
1,0,1.10765192167081,0,0,0
1,0,1.10786570253637,0,0,0
1,0,0.944715155317177,0,0,0
1,0,0.833694335398621,0,0,0
1,0,0.60222244427091,0,0,0
1,0,0.247331810703688,0,0,0
1,0,0.0408083685230513,0,0,0
