ID,TIME,DV,AMT,MDV,EVID
1,0,0,120,1,1
1,0,0.703998514344316,0,0,0
1,0,0.95751075453573,0,0,0
1,0,1.02912779472035,0,0,0
1,0,0.919440884636974,0,0,0
1,0,0.937917335028354,0,0,0
1,0,0.831560337920253,0,0,0
1,0,0.558505483156139,0,0,0
1,0,0.322173008848509,0,0,0
1,0,0.0846007780429696,0,0,0
