ID,TIME,DV,AMT,MDV,EVID
1,0,0,120,1,1
1,0,0.891876911540016,0,0,0
1,0,1.1983702402641,0,0,0
1,0,1.28451765808948,0,0,0
1,0,1.10459053899906,0,0,0
1,0,0.978121127780235,0,0,0
1,0,0.716726039546022,0,0,0
1,0,0.536123160501406,0,0,0
1,0,0.210842412586887,0,0,0
1,0,0.027391321936592,0,0,0
