ID,TIME,DV,AMT,MDV,EVID
1,0,0,120,1,1
1,0,0.527466386946754,0,0,0
1,0,0.675680036351752,0,0,0
1,0,0.820218805559376,0,0,0
1,0,0.872310335172723,0,0,0
1,0,0.772367283409305,0,0,0
1,0,0.690085676330278,0,0,0
1,0,0.639285493496535,0,0,0
1,0,0.377483659449193,0,0,0
1,0,0.191353746604856,0,0,0
