ID,TIME,DV,AMT,MDV,EVID
1,0,0,120,1,1
1,0,0.697851056520149,0,0,0
1,0,0.874876041690792,0,0,0
1,0,1.05968109872046,0,0,0
1,0,1.20063761950022,0,0,0
1,0,1.12559818146999,0,0,0
1,0,0.928128618723988,0,0,0
1,0,0.842707526400852,0,0,0
1,0,0.408758945072611,0,0,0
1,0,0.103878568177003,0,0,0
