ID,TIME,DV,AMT,MDV,EVID
1,0,0,120,1,1
1,0,0.317475501117,0,0,0
1,0,0.49709947638915,0,0,0
1,0,0.665327730259529,0,0,0
1,0,0.889989272281462,0,0,0
1,0,0.847588473268544,0,0,0
1,0,0.946531792417988,0,0,0
1,0,0.847831901350236,0,0,0
1,0,0.489711712672822,0,0,0
1,0,0.127072315189968,0,0,0
