ID,TIME,DV,AMT,MDV,EVID
1,0,0,120,1,1
1,0,1.4735728477686,0,0,0
1,0,1.3411396475456,0,0,0
1,0,1.14696644001331,0,0,0
1,0,0.923784128066194,0,0,0
1,0,0.874810652844897,0,0,0
1,0,0.734915624239826,0,0,0
1,0,0.568421392604092,0,0,0
1,0,0.272900958005595,0,0,0
1,0,0.0621088142339614,0,0,0
