ID,TIME,DV,AMT,MDV,EVID
1,0,0,120,1,1
1,0,0.932421233058804,0,0,0
1,0,0.983063238707721,0,0,0
1,0,1.04338495635212,0,0,0
1,0,0.850427360655407,0,0,0
1,0,0.749241232438637,0,0,0
1,0,0.702944669612998,0,0,0
1,0,0.562942922152573,0,0,0
1,0,0.324950406393607,0,0,0
1,0,0.0916450436698074,0,0,0
