ID,TIME,DV,AMT,MDV,EVID
1,0,0,120,1,1
1,0,0.848472453023944,0,0,0
1,0,1.15399288410649,0,0,0
1,0,1.25632367194305,0,0,0
1,0,1.10702789980927,0,0,0
1,0,0.981626050410554,0,0,0
1,0,0.899835904931092,0,0,0
1,0,0.820159376529439,0,0,0
1,0,0.489979608110391,0,0,0
1,0,0.178090029635154,0,0,0
