ID,TIME,DV,AMT,MDV,EVID
1,0,0,120,1,1
1,0,0.679096793211843,0,0,0
1,0,0.867909434560183,0,0,0
1,0,1.06909865283124,0,0,0
1,0,1.14028539592741,0,0,0
1,0,0.980824736154321,0,0,0
1,0,0.879921446411483,0,0,0
1,0,0.745934326229937,0,0,0
1,0,0.475147824957295,0,0,0
1,0,0.185769571009108,0,0,0
