ID,TIME,DV,AMT,MDV,EVID
1,0,0,120,1,1
1,0,0.812595720602861,0,0,0
1,0,1.00299018391914,0,0,0
1,0,1.05007066699406,0,0,0
1,0,1.01062971165048,0,0,0
1,0,0.771738018103897,0,0,0
1,0,0.586184087170215,0,0,0
1,0,0.316448524007799,0,0,0
1,0,0.0409266055914019,0,0,0
1,0,0.000943007872596655,0,0,0
