ID,TIME,DV,AMT,MDV,EVID
1,0,0,120,1,1
1,0,0.625215131430347,0,0,0
1,0,0.841400766528434,0,0,0
1,0,1.07000280796186,0,0,0
1,0,0.97211303419644,0,0,0
1,0,0.847165430395489,0,0,0
1,0,0.706489375541573,0,0,0
1,0,0.540143852605265,0,0,0
1,0,0.225931138753797,0,0,0
1,0,0.0427587957761304,0,0,0
