ID,TIME,DV,AMT,MDV,EVID
1,0,0,120,1,1
1,0,1.06546557720769,0,0,0
1,0,1.37195179350701,0,0,0
1,0,1.39305900216681,0,0,0
1,0,1.1833265439729,0,0,0
1,0,1.16333026155081,0,0,0
1,0,0.975264858546287,0,0,0
1,0,0.809469369973383,0,0,0
1,0,0.385708569613145,0,0,0
1,0,0.114589271484071,0,0,0
