ID,TIME,DV,AMT,MDV,EVID
1,0,0,120,1,1
1,0,0.603371465716469,0,0,0
1,0,0.840519254234641,0,0,0
1,0,0.91268147987055,0,0,0
1,0,0.951023025258658,0,0,0
1,0,0.820651946970834,0,0,0
1,0,0.687082455189586,0,0,0
1,0,0.553492766716937,0,0,0
1,0,0.239304483248939,0,0,0
1,0,0.0409383340501261,0,0,0
