ID,TIME,DV,AMT,MDV,EVID
1,0,0,120,1,1
1,0,0.56677725568394,0,0,0
1,0,0.733654778840956,0,0,0
1,0,1.09050889098688,0,0,0
1,0,1.09296906168755,0,0,0
1,0,1.02450305866735,0,0,0
1,0,0.991777470675407,0,0,0
1,0,0.881105536049385,0,0,0
1,0,0.519142703162786,0,0,0
1,0,0.202097230995485,0,0,0
