ID,TIME,DV,AMT,MDV,EVID
1,0,0,120,1,1
1,0,0.772395407776981,0,0,0
1,0,1.07298422853094,0,0,0
1,0,1.22599567466231,0,0,0
1,0,1.13545791112809,0,0,0
1,0,1.04197591396495,0,0,0
1,0,0.923990346534486,0,0,0
1,0,0.790866919469161,0,0,0
1,0,0.37905255974268,0,0,0
1,0,0.0971100266080108,0,0,0
