ID,TIME,DV,AMT,MDV,EVID
1,0,0,120,1,1
1,0,0.755510820863633,0,0,0
1,0,0.969536333033189,0,0,0
1,0,1.12863820070275,0,0,0
1,0,1.06508844634516,0,0,0
1,0,0.905409769000012,0,0,0
1,0,0.889432430003466,0,0,0
1,0,0.640890332912612,0,0,0
1,0,0.326411025109879,0,0,0
1,0,0.0757414463887077,0,0,0
