ID,TIME,DV,AMT,MDV,EVID
1,0,0,120,1,1
1,0,0.3954116177858,0,0,0
1,0,0.667303978590248,0,0,0
1,0,1.06284768120351,0,0,0
1,0,1.16999127653191,0,0,0
1,0,1.18305405138184,0,0,0
1,0,1.12167462181827,0,0,0
1,0,0.761163789593779,0,0,0
1,0,0.247996122084229,0,0,0
1,0,0.0257885485329738,0,0,0
