ID,TIME,DV,AMT,MDV,EVID
1,0,0,120,1,1
1,0,0.569626236074896,0,0,0
1,0,0.90105539970711,0,0,0
1,0,0.970559095936886,0,0,0
1,0,1.04215333415121,0,0,0
1,0,1.03297719499422,0,0,0
1,0,0.932882385202195,0,0,0
1,0,0.875555590714561,0,0,0
1,0,0.557221508259382,0,0,0
1,0,0.286180633574589,0,0,0
