ID,TIME,DV,AMT,MDV,EVID
1,0,0,120,1,1
1,0,0.838339528885548,0,0,0
1,0,1.0090102206886,0,0,0
1,0,1.44706356988522,0,0,0
1,0,1.33581838188457,0,0,0
1,0,1.15749883643641,0,0,0
1,0,0.983848791489945,0,0,0
1,0,0.704605826820685,0,0,0
1,0,0.269689958810679,0,0,0
1,0,0.0330603955392366,0,0,0
