ID,TIME,DV,AMT,MDV,EVID
1,0,0,120,1,1
1,0,0.495423369918869,0,0,0
1,0,0.748585420777,0,0,0
1,0,0.932531948875974,0,0,0
1,0,1.02095246038739,0,0,0
1,0,0.92298591129437,0,0,0
1,0,0.783553461807274,0,0,0
1,0,0.619745157718154,0,0,0
1,0,0.266543069562213,0,0,0
1,0,0.0560183895965025,0,0,0
