ID,TIME,DV,AMT,MDV,EVID
1,0,0,120,1,1
1,0,0.499276426919859,0,0,0
1,0,0.892082015894713,0,0,0
1,0,1.02139559891911,0,0,0
1,0,0.859221817718194,0,0,0
1,0,0.744887973152244,0,0,0
1,0,0.692733738854974,0,0,0
1,0,0.482583376923828,0,0,0
1,0,0.23936443679527,0,0,0
1,0,0.0438508918298205,0,0,0
