ID,TIME,DV,AMT,MDV,EVID
1,0,0,120,1,1
1,0,1.29219129815774,0,0,0
1,0,1.19035402453601,0,0,0
1,0,0.927790703247203,0,0,0
1,0,0.65888273714523,0,0,0
1,0,0.595242525520122,0,0,0
1,0,0.449882839163489,0,0,0
1,0,0.347863966856954,0,0,0
1,0,0.131833324351371,0,0,0
1,0,0.0199474789940427,0,0,0
