ID,TIME,DV,AMT,MDV,EVID
1,0,0,120,1,1
1,0,1.41962135838194,0,0,0
1,0,1.52691686642191,0,0,0
1,0,1.29206924448021,0,0,0
1,0,0.909478534163296,0,0,0
1,0,0.854143937077776,0,0,0
1,0,0.755227603278232,0,0,0
1,0,0.572309223914623,0,0,0
1,0,0.348165788219318,0,0,0
1,0,0.0935338543067603,0,0,0
