ID,TIME,DV,AMT,MDV,EVID
1,0,0,120,1,1
1,0,0.2905749555843,0,0,0
1,0,0.397288136481701,0,0,0
1,0,0.583400976957648,0,0,0
1,0,0.641641704204548,0,0,0
1,0,0.822096233997195,0,0,0
1,0,0.800685255111156,0,0,0
1,0,0.715257408371274,0,0,0
1,0,0.431116935189739,0,0,0
1,0,0.17777484060742,0,0,0
