ID,TIME,DV,AMT,MDV,EVID
1,0,0,120,1,1
1,0,0.898002720668943,0,0,0
1,0,1.16541186915857,0,0,0
1,0,1.34591616751764,0,0,0
1,0,1.36026562633063,0,0,0
1,0,1.42554517931594,0,0,0
1,0,1.26326299637997,0,0,0
1,0,1.1463728511815,0,0,0
1,0,0.827663353051955,0,0,0
1,0,0.404440720567807,0,0,0
