ID,TIME,DV,AMT,MDV,EVID
1,0,0,120,1,1
1,0,0.635497029640064,0,0,0
1,0,0.891513430343342,0,0,0
1,0,1.04761585573646,0,0,0
1,0,1.13334523204865,0,0,0
1,0,0.965795498819481,0,0,0
1,0,1.00852478013803,0,0,0
1,0,0.751719562756858,0,0,0
1,0,0.56292127308523,0,0,0
1,0,0.222487926053848,0,0,0
