ID,TIME,DV,AMT,MDV,EVID
1,0,0,120,1,1
1,0,0.976159550029598,0,0,0
1,0,1.34544857865042,0,0,0
1,0,1.48583117066503,0,0,0
1,0,1.52948145992171,0,0,0
1,0,1.43742347990924,0,0,0
1,0,1.42065449266665,0,0,0
1,0,1.17242813961832,0,0,0
1,0,0.636537589944776,0,0,0
1,0,0.187129546373131,0,0,0
