ID,TIME,DV,AMT,MDV,EVID
1,0,0,120,1,1
1,0,0.595001772263502,0,0,0
1,0,0.681663876728174,0,0,0
1,0,1.12582793167254,0,0,0
1,0,1.19627849351891,0,0,0
1,0,1.05679600026229,0,0,0
1,0,1.03948301987412,0,0,0
1,0,0.746348282610981,0,0,0
1,0,0.425711206750715,0,0,0
1,0,0.100706849836885,0,0,0
