ID,TIME,DV,AMT,MDV,EVID
1,0,0,120,1,1
1,0,0.97769260136008,0,0,0
1,0,1.21751782665408,0,0,0
1,0,1.36745820018989,0,0,0
1,0,1.05070495500891,0,0,0
1,0,1.06247532434351,0,0,0
1,0,0.816443830421881,0,0,0
1,0,0.631376561937762,0,0,0
1,0,0.371106353863771,0,0,0
1,0,0.0963475392878242,0,0,0
