ID,TIME,DV,AMT,MDV,EVID
1,0,0,120,1,1
1,0,0.523839844406088,0,0,0
1,0,0.772807376364177,0,0,0
1,0,0.945280851114888,0,0,0
1,0,0.873956184808574,0,0,0
1,0,0.834011822945041,0,0,0
1,0,0.744953137694239,0,0,0
1,0,0.724701045244796,0,0,0
1,0,0.46514173414599,0,0,0
1,0,0.201687007029085,0,0,0
