ID,TIME,DV,AMT,MDV,EVID
1,0,0,120,1,1
1,0,0.412496084206416,0,0,0
1,0,0.807422150156441,0,0,0
1,0,0.870783880599569,0,0,0
1,0,0.918633635538081,0,0,0
1,0,0.948782830361431,0,0,0
1,0,0.753336566539366,0,0,0
1,0,0.637499714668909,0,0,0
1,0,0.313778310438277,0,0,0
1,0,0.0781200774626714,0,0,0
