ID,TIME,DV,AMT,MDV,EVID
1,0,0,120,1,1
1,0,0.826372054087071,0,0,0
1,0,1.15666342333382,0,0,0
1,0,1.10588084615266,0,0,0
1,0,0.962143515654888,0,0,0
1,0,0.734195360613197,0,0,0
1,0,0.622016771551277,0,0,0
1,0,0.450916038717744,0,0,0
1,0,0.131985992856413,0,0,0
1,0,0.0117664798513433,0,0,0
