ID,TIME,DV,AMT,MDV,EVID
1,0,0,120,1,1
1,0,0.527117980452225,0,0,0
1,0,0.729961235268713,0,0,0
1,0,0.972233337637599,0,0,0
1,0,1.00716150424393,0,0,0
1,0,0.770913719499626,0,0,0
1,0,0.785466933374373,0,0,0
1,0,0.644995061610498,0,0,0
1,0,0.320476872826356,0,0,0
1,0,0.0748266336202971,0,0,0
