ID,TIME,DV,AMT,MDV,EVID
1,0,0,120,1,1
1,0,1.01790053351318,0,0,0
1,0,1.41700550573742,0,0,0
1,0,1.4701399010058,0,0,0
1,0,1.1974033152942,0,0,0
1,0,1.03062502621975,0,0,0
1,0,0.924845822571344,0,0,0
1,0,0.617034600406632,0,0,0
1,0,0.214903649854425,0,0,0
1,0,0.0283189803528663,0,0,0
