ID,TIME,DV,AMT,MDV,EVID
1,0,0,120,1,1
1,0,0.486812009499839,0,0,0
1,0,0.74374748326682,0,0,0
1,0,0.846660334040521,0,0,0
1,0,0.830740481998196,0,0,0
1,0,0.837300081329528,0,0,0
1,0,0.805519478968207,0,0,0
1,0,0.63884413469194,0,0,0
1,0,0.385280076313088,0,0,0
1,0,0.143680308531139,0,0,0
