ID,TIME,DV,AMT,MDV,EVID
1,0,0,120,1,1
1,0,0.457916758979822,0,0,0
1,0,0.639996226727064,0,0,0
1,0,0.748166219301577,0,0,0
1,0,0.853250574852054,0,0,0
1,0,0.894749282147836,0,0,0
1,0,0.795557242670731,0,0,0
1,0,0.692918825604987,0,0,0
1,0,0.366318946285269,0,0,0
1,0,0.132210977921748,0,0,0
