ID,TIME,DV,AMT,MDV,EVID
1,0,0,120,1,1
1,0,0.847317168373413,0,0,0
1,0,1.15608889035288,0,0,0
1,0,1.23657540428396,0,0,0
1,0,1.09522347592654,0,0,0
1,0,0.974602645186574,0,0,0
1,0,0.756765289168193,0,0,0
1,0,0.549382501201889,0,0,0
1,0,0.187269152634626,0,0,0
1,0,0.021546429442733,0,0,0
