ID,TIME,DV,AMT,MDV,EVID
1,0,0,120,1,1
1,0,0.790518780747466,0,0,0
1,0,0.981811692990479,0,0,0
1,0,0.96492325247112,0,0,0
1,0,0.886812478731191,0,0,0
1,0,0.745886685149028,0,0,0
1,0,0.739501280756528,0,0,0
1,0,0.579630217849683,0,0,0
1,0,0.288207596836185,0,0,0
1,0,0.0829267256560759,0,0,0
