ID,TIME,DV,AMT,MDV,EVID
1,0,0,120,1,1
1,0,0.57444838256885,0,0,0
1,0,0.841830710760112,0,0,0
1,0,1.09497852338856,0,0,0
1,0,1.05332719413487,0,0,0
1,0,0.889077326594081,0,0,0
1,0,0.824568821968546,0,0,0
1,0,0.710310310909362,0,0,0
1,0,0.375205378850129,0,0,0
1,0,0.12812067737176,0,0,0
