ID,TIME,DV,AMT,MDV,EVID
1,0,0,120,1,1
1,0,0.608132815918673,0,0,0
1,0,0.827256714804396,0,0,0
1,0,0.952781594951976,0,0,0
1,0,0.992161860059946,0,0,0
1,0,0.888774186475939,0,0,0
1,0,0.828854320306814,0,0,0
1,0,0.690364987554565,0,0,0
1,0,0.382705469054854,0,0,0
1,0,0.135035336492094,0,0,0
