ID,TIME,DV,AMT,MDV,EVID
1,0,0,120,1,1
1,0,0.686410473488631,0,0,0
1,0,0.811785907486498,0,0,0
1,0,1.0240603023539,0,0,0
1,0,0.849870391147228,0,0,0
1,0,0.77737551146603,0,0,0
1,0,0.685080970634479,0,0,0
1,0,0.555391174454014,0,0,0
1,0,0.324707064448365,0,0,0
1,0,0.0870921279874194,0,0,0
