ID,TIME,DV,AMT,MDV,EVID
1,0,0,120,1,1
1,0,1.37537125789025,0,0,0
1,0,1.59168958556194,0,0,0
1,0,1.31002511380753,0,0,0
1,0,0.895258084866139,0,0,0
1,0,0.674339264222432,0,0,0
1,0,0.684154357732848,0,0,0
1,0,0.475314337407801,0,0,0
1,0,0.199294940413258,0,0,0
1,0,0.0272041444153278,0,0,0
