ID,TIME,DV,AMT,MDV,EVID
1,0,0,120,1,1
1,0,0.889934674531753,0,0,0
1,0,1.21790366579375,0,0,0
1,0,1.25693485164294,0,0,0
1,0,1.14325675136432,0,0,0
1,0,1.17064604010388,0,0,0
1,0,0.964518601408841,0,0,0
1,0,0.773401652302625,0,0,0
1,0,0.405576055042141,0,0,0
1,0,0.0906029400515265,0,0,0
