ID,TIME,DV,AMT,MDV,EVID
1,0,0,120,1,1
1,0,0.48871996203029,0,0,0
1,0,0.724040269686686,0,0,0
1,0,0.87926218727111,0,0,0
1,0,1.08957614815702,0,0,0
1,0,0.989883413511312,0,0,0
1,0,0.962095731459069,0,0,0
1,0,0.869180993076154,0,0,0
1,0,0.553473475653969,0,0,0
1,0,0.280653388405658,0,0,0
