ID,TIME,DV,AMT,MDV,EVID
1,0,0,120,1,1
1,0,0.790790543132318,0,0,0
1,0,0.975288674091996,0,0,0
1,0,1.16962484737793,0,0,0
1,0,1.11548492167413,0,0,0
1,0,1.01630632963159,0,0,0
1,0,0.98495294121798,0,0,0
1,0,0.814991947509374,0,0,0
1,0,0.553209121024272,0,0,0
1,0,0.223513177920327,0,0,0
