ID,TIME,DV,AMT,MDV,EVID
1,0,0,120,1,1
1,0,0.78514159077427,0,0,0
1,0,0.833625557024698,0,0,0
1,0,1.18978049355702,0,0,0
1,0,1.23129318321457,0,0,0
1,0,1.02563245419914,0,0,0
1,0,0.998438206447769,0,0,0
1,0,0.791744002214715,0,0,0
1,0,0.354898238984479,0,0,0
1,0,0.0742730854797176,0,0,0
