ID,TIME,DV,AMT,MDV,EVID
1,0,0,120,1,1
1,0,0.844859223992611,0,0,0
1,0,1.07657498759444,0,0,0
1,0,1.24358830454694,0,0,0
1,0,1.12430897853095,0,0,0
1,0,0.985634508273637,0,0,0
1,0,0.781521514440936,0,0,0
1,0,0.647065048130044,0,0,0
1,0,0.264318583285452,0,0,0
1,0,0.0419850702064436,0,0,0
