ID,TIME,DV,AMT,MDV,EVID
1,0,0,120,1,1
1,0,0.463393463031813,0,0,0
1,0,0.716790890451733,0,0,0
1,0,0.90263423944119,0,0,0
1,0,1.02825084847352,0,0,0
1,0,1.12629745172905,0,0,0
1,0,1.13348114888218,0,0,0
1,0,1.02119218224042,0,0,0
1,0,0.697987946454518,0,0,0
1,0,0.37647041316152,0,0,0
