ID,TIME,DV,AMT,MDV,EVID
1,0,0,120,1,1
1,0,0.619533093248041,0,0,0
1,0,0.842803165820417,0,0,0
1,0,0.947972123381713,0,0,0
1,0,0.862747659278474,0,0,0
1,0,0.772744231238498,0,0,0
1,0,0.651986557329711,0,0,0
1,0,0.52372250395358,0,0,0
1,0,0.283212156737141,0,0,0
1,0,0.0684912438066003,0,0,0
