ID,TIME,DV,AMT,MDV,EVID
1,0,0,120,1,1
1,0,0.704635802873555,0,0,0
1,0,1.13905215776764,0,0,0
1,0,1.17990122297486,0,0,0
1,0,1.09389786313781,0,0,0
1,0,0.958397838270016,0,0,0
1,0,0.769319561658724,0,0,0
1,0,0.663250053087406,0,0,0
1,0,0.294165164561167,0,0,0
1,0,0.0661641199652105,0,0,0
