ID,TIME,DV,AMT,MDV,EVID
1,0,0,120,1,1
1,0,0.711999184466042,0,0,0
1,0,1.14561819130999,0,0,0
1,0,1.07393935907817,0,0,0
1,0,0.731462845574401,0,0,0
1,0,0.667622646589313,0,0,0
1,0,0.542322290885842,0,0,0
1,0,0.451306913344018,0,0,0
1,0,0.290076244366326,0,0,0
1,0,0.0994285509204793,0,0,0
