ID,TIME,DV,AMT,MDV,EVID
1,0,0,120,1,1
1,0,0.852824974286941,0,0,0
1,0,1.22481628697733,0,0,0
1,0,1.22514168451358,0,0,0
1,0,1.17938368163633,0,0,0
1,0,1.13769799148387,0,0,0
1,0,0.906661128996137,0,0,0
1,0,0.654637197013657,0,0,0
1,0,0.301385320152272,0,0,0
1,0,0.0611983406062519,0,0,0
