ID,TIME,DV,AMT,MDV,EVID
1,0,0,120,1,1
1,0,0.517154892297926,0,0,0
1,0,0.871097787289031,0,0,0
1,0,1.12446910192145,0,0,0
1,0,1.16839615408177,0,0,0
1,0,1.03854082992442,0,0,0
1,0,0.990623594577306,0,0,0
1,0,0.792835259570859,0,0,0
1,0,0.340778382008721,0,0,0
1,0,0.0801332990934823,0,0,0
