ID,TIME,DV,AMT,MDV,EVID
1,0,0,120,1,1
1,0,0.775318836939016,0,0,0
1,0,0.99884362147607,0,0,0
1,0,1.22172723718852,0,0,0
1,0,1.24274547507527,0,0,0
1,0,1.09899134228565,0,0,0
1,0,0.955149664373794,0,0,0
1,0,0.743149133100262,0,0,0
1,0,0.307028922758507,0,0,0
1,0,0.049791311916797,0,0,0
