ID,TIME,DV,AMT,MDV,EVID
1,0,0,120,1,1
1,0,0.734192113003466,0,0,0
1,0,1.03236624126269,0,0,0
1,0,1.21413241237178,0,0,0
1,0,1.14085252601378,0,0,0
1,0,1.01500678534348,0,0,0
1,0,0.929801116043607,0,0,0
1,0,0.700053690966591,0,0,0
1,0,0.23303644964692,0,0,0
1,0,0.0395930050615947,0,0,0
