ID,TIME,DV,AMT,MDV,EVID
1,0,0,120,1,1
1,0,0.515932150055691,0,0,0
1,0,0.787906447994667,0,0,0
1,0,0.92175097677194,0,0,0
1,0,1.03198244050321,0,0,0
1,0,0.880223042704437,0,0,0
1,0,0.796080267929032,0,0,0
1,0,0.675436131528008,0,0,0
1,0,0.402336849892851,0,0,0
1,0,0.111866815936409,0,0,0
