ID,TIME,DV,AMT,MDV,EVID
1,0,0,120,1,1
1,0,0.655822384897389,0,0,0
1,0,0.828607734622227,0,0,0
1,0,0.822780002108174,0,0,0
1,0,0.767641036826869,0,0,0
1,0,0.748528991332594,0,0,0
1,0,0.605470319331967,0,0,0
1,0,0.464965211845145,0,0,0
1,0,0.175926430909077,0,0,0
1,0,0.0239420581811784,0,0,0
