ID,TIME,DV,AMT,MDV,EVID
1,0,0,120,1,1
1,0,0.236419906886171,0,0,0
1,0,0.398081855835432,0,0,0
1,0,0.593531179483215,0,0,0
1,0,0.690389213417281,0,0,0
1,0,0.658922758135684,0,0,0
1,0,0.604489849798611,0,0,0
1,0,0.490671950273647,0,0,0
1,0,0.203955569839926,0,0,0
1,0,0.0399039711427393,0,0,0
