ID,TIME,DV,AMT,MDV,EVID
1,0,0,120,1,1
1,0,0.92462064244928,0,0,0
1,0,0.992131356448923,0,0,0
1,0,1.04807065407432,0,0,0
1,0,0.956613824953315,0,0,0
1,0,0.837710916026165,0,0,0
1,0,0.767877726123995,0,0,0
1,0,0.609327807803692,0,0,0
1,0,0.352886240328294,0,0,0
1,0,0.125516340984061,0,0,0
