ID,TIME,DV,AMT,MDV,EVID
1,0,0,120,1,1
1,0,0.625987507339786,0,0,0
1,0,1.00728930723791,0,0,0
1,0,1.22981012047378,0,0,0
1,0,1.31425499203262,0,0,0
1,0,1.39223356542959,0,0,0
1,0,1.15756445419616,0,0,0
1,0,1.02548334305103,0,0,0
1,0,0.747682553498303,0,0,0
1,0,0.336924193917787,0,0,0
