ID,TIME,DV,AMT,MDV,EVID
1,0,0,120,1,1
1,0,1.37592038918776,0,0,0
1,0,1.58721216101657,0,0,0
1,0,1.55952002519262,0,0,0
1,0,1.50153740075713,0,0,0
1,0,1.15493118273972,0,0,0
1,0,0.822219969780877,0,0,0
1,0,0.516528507888066,0,0,0
1,0,0.123179830093855,0,0,0
1,0,0.00439901540388812,0,0,0
