ID,TIME,DV,AMT,MDV,EVID
1,0,0,120,1,1
1,0,0.505857937937234,0,0,0
1,0,0.687436081298516,0,0,0
1,0,0.841433483099033,0,0,0
1,0,0.822323305922457,0,0,0
1,0,0.731660813813191,0,0,0
1,0,0.691304780062585,0,0,0
1,0,0.579586757585498,0,0,0
1,0,0.381334924080989,0,0,0
1,0,0.136208195740592,0,0,0
