ID,TIME,DV,AMT,MDV,EVID
1,0,0,120,1,1
1,0,1.05259797166235,0,0,0
1,0,1.58710330324478,0,0,0
1,0,1.81020420619945,0,0,0
1,0,1.47003447903465,0,0,0
1,0,1.17124113097497,0,0,0
1,0,0.990407092080804,0,0,0
1,0,0.666865840327241,0,0,0
1,0,0.204803659509608,0,0,0
1,0,0.0190489371531756,0,0,0
