ID,TIME,DV,AMT,MDV,EVID
1,0,0,120,1,1
1,0,0.40005051293953,0,0,0
1,0,0.649519205294049,0,0,0
1,0,0.85352504168737,0,0,0
1,0,1.00914683636052,0,0,0
1,0,0.974258404966977,0,0,0
1,0,1.04806795687991,0,0,0
1,0,0.793124762604574,0,0,0
1,0,0.435529130658964,0,0,0
1,0,0.152903551489057,0,0,0
