ID,TIME,DV,AMT,MDV,EVID
1,0,0,120,1,1
1,0,0.694847309107299,0,0,0
1,0,0.885302563866567,0,0,0
1,0,1.08958999034876,0,0,0
1,0,1.17722759132538,0,0,0
1,0,1.14158543157718,0,0,0
1,0,0.890915422581511,0,0,0
1,0,0.722721810243972,0,0,0
1,0,0.387515687470547,0,0,0
1,0,0.108251134904621,0,0,0
