ID,TIME,DV,AMT,MDV,EVID
1,0,0,120,1,1
1,0,0.478395637319115,0,0,0
1,0,0.571377079069314,0,0,0
1,0,0.744690320529801,0,0,0
1,0,0.710289046921404,0,0,0
1,0,0.69315269405412,0,0,0
1,0,0.577587266401,0,0,0
1,0,0.45485227064692,0,0,0
1,0,0.186169949739646,0,0,0
1,0,0.0341251588797108,0,0,0
