ID,TIME,DV,AMT,MDV,EVID
1,0,0,120,1,1
1,0,0.982023209757489,0,0,0
1,0,1.37327906386683,0,0,0
1,0,1.59360823732665,0,0,0
1,0,1.65539628225382,0,0,0
1,0,1.37453608658089,0,0,0
1,0,1.18525692531514,0,0,0
1,0,0.753274152261594,0,0,0
1,0,0.209598565639307,0,0,0
1,0,0.0200412379233951,0,0,0
