ID,TIME,DV,AMT,MDV,EVID
1,0,0,120,1,1
1,0,0.764333540028479,0,0,0
1,0,0.928492893284812,0,0,0
1,0,0.962660608711143,0,0,0
1,0,1.01705663168491,0,0,0
1,0,0.999706780762089,0,0,0
1,0,0.893010362073764,0,0,0
1,0,0.767418153083785,0,0,0
1,0,0.413611080131152,0,0,0
1,0,0.160120435769764,0,0,0
