ID,TIME,DV,AMT,MDV,EVID
1,0,0,120,1,1
1,0,0.532939906126914,0,0,0
1,0,0.813188083501485,0,0,0
1,0,0.891700880334035,0,0,0
1,0,1.04553054156849,0,0,0
1,0,1.00415335362534,0,0,0
1,0,0.931208297293417,0,0,0
1,0,0.749124524681037,0,0,0
1,0,0.431754390740544,0,0,0
1,0,0.158396587061281,0,0,0
