ID,TIME,DV,AMT,MDV,EVID
1,0,0,120,1,1
1,0,1.04064958585941,0,0,0
1,0,1.30477836446342,0,0,0
1,0,1.26157565517586,0,0,0
1,0,0.866534600493446,0,0,0
1,0,0.771561814307133,0,0,0
1,0,0.771296088283636,0,0,0
1,0,0.508984206333643,0,0,0
1,0,0.196924805081157,0,0,0
1,0,0.0267680403881739,0,0,0
