ID,TIME,DV,AMT,MDV,EVID
1,0,0,120,1,1
1,0,0.81428870851348,0,0,0
1,0,1.10532253206479,0,0,0
1,0,1.17590466076289,0,0,0
1,0,1.14000223090151,0,0,0
1,0,1.06007126217644,0,0,0
1,0,0.957829131950665,0,0,0
1,0,0.809160940443721,0,0,0
1,0,0.453250905846837,0,0,0
1,0,0.182096468731453,0,0,0
