ID,TIME,DV,AMT,MDV,EVID
1,0,0,120,1,1
1,0,0.674121725129167,0,0,0
1,0,0.923065308852434,0,0,0
1,0,1.2097750488395,0,0,0
1,0,1.01769305112257,0,0,0
1,0,1.02789953190636,0,0,0
1,0,0.708319007378733,0,0,0
1,0,0.551437639595112,0,0,0
1,0,0.155293650545432,0,0,0
1,0,0.0156267734905427,0,0,0
