ID,TIME,DV,AMT,MDV,EVID
1,0,0,120,1,1
1,0,0.572302071567994,0,0,0
1,0,0.874431650372427,0,0,0
1,0,0.978367421674726,0,0,0
1,0,0.938210518774011,0,0,0
1,0,0.836376329933668,0,0,0
1,0,0.761947443699879,0,0,0
1,0,0.521974715321256,0,0,0
1,0,0.210360756529835,0,0,0
1,0,0.0355258682949181,0,0,0
