ID,TIME,DV,AMT,MDV,EVID
1,0,0,120,1,1
1,0,0.726547416981425,0,0,0
1,0,0.976797428712942,0,0,0
1,0,1.28197360920502,0,0,0
1,0,1.34440311371306,0,0,0
1,0,1.26022743262801,0,0,0
1,0,1.16809552680741,0,0,0
1,0,0.855590751523524,0,0,0
1,0,0.422272566533542,0,0,0
1,0,0.0935728628518649,0,0,0
