ID,TIME,DV,AMT,MDV,EVID
1,0,0,120,1,1
1,0,0.586176313913697,0,0,0
1,0,0.903351856617184,0,0,0
1,0,1.04759577935558,0,0,0
1,0,1.00036142038622,0,0,0
1,0,0.919708728792571,0,0,0
1,0,0.867603221603596,0,0,0
1,0,0.608736330236919,0,0,0
1,0,0.224741496531352,0,0,0
1,0,0.0364522096749337,0,0,0
