ID,TIME,DV,AMT,MDV,EVID
1,0,0,120,1,1
1,0,0.850744550254726,0,0,0
1,0,1.17304616888122,0,0,0
1,0,1.21955863131543,0,0,0
1,0,1.23659059604043,0,0,0
1,0,1.10828301787676,0,0,0
1,0,1.06036757416086,0,0,0
1,0,0.929438466681662,0,0,0
1,0,0.485506126738001,0,0,0
1,0,0.168888918449786,0,0,0
