ID,TIME,DV,AMT,MDV,EVID
1,0,0,120,1,1
1,0,0.412824012779811,0,0,0
1,0,0.609714049094464,0,0,0
1,0,0.831244928026183,0,0,0
1,0,1.00823883752995,0,0,0
1,0,1.04590187922772,0,0,0
1,0,0.888634141517547,0,0,0
1,0,0.751472593359208,0,0,0
1,0,0.389336368548173,0,0,0
1,0,0.0725593426777192,0,0,0
