ID,TIME,DV,AMT,MDV,EVID
1,0,0,120,1,1
1,0,0.526663781367106,0,0,0
1,0,0.921756766365858,0,0,0
1,0,1.07883850862587,0,0,0
1,0,0.995445204504572,0,0,0
1,0,0.916536916576529,0,0,0
1,0,0.770678046868038,0,0,0
1,0,0.624363074049014,0,0,0
1,0,0.232932470626813,0,0,0
1,0,0.0478411213712877,0,0,0
