ID,TIME,DV,AMT,MDV,EVID
1,0,0,120,1,1
1,0,0.609966731921447,0,0,0
1,0,0.911420764968141,0,0,0
1,0,1.19251383574802,0,0,0
1,0,1.04045298921106,0,0,0
1,0,1.12193849046854,0,0,0
1,0,1.06956853080101,0,0,0
1,0,0.737803999664737,0,0,0
1,0,0.440944956611659,0,0,0
1,0,0.120327442259378,0,0,0
