ID,TIME,DV,AMT,MDV,EVID
1,0,0,120,1,1
1,0,1.29218432756688,0,0,0
1,0,1.35385933902294,0,0,0
1,0,1.30518485370266,0,0,0
1,0,1.10469738881621,0,0,0
1,0,0.993744797106322,0,0,0
1,0,0.846173072548451,0,0,0
1,0,0.709093037129938,0,0,0
1,0,0.376186235663943,0,0,0
1,0,0.102364927873095,0,0,0
