ID,TIME,DV,AMT,MDV,EVID
1,0,0,120,1,1
1,0,1.64836004503703,0,0,0
1,0,1.5888408024725,0,0,0
1,0,1.15958328526861,0,0,0
1,0,1.108397638026,0,0,0
1,0,0.906945729801253,0,0,0
1,0,0.767789118434495,0,0,0
1,0,0.590693645134968,0,0,0
1,0,0.259743166510669,0,0,0
1,0,0.0515780344656103,0,0,0
