ID,TIME,DV,AMT,MDV,EVID
1,0,0,120,1,1
1,0,0.418821675402879,0,0,0
1,0,0.606391681774425,0,0,0
1,0,0.762909346163914,0,0,0
1,0,0.798104519081407,0,0,0
1,0,0.813148597212391,0,0,0
1,0,0.68714940202507,0,0,0
1,0,0.704218055706011,0,0,0
1,0,0.495636622348327,0,0,0
1,0,0.287890557772418,0,0,0
