ID,TIME,DV,AMT,MDV,EVID
1,0,0,120,1,1
1,0,1.68627803424733,0,0,0
1,0,1.85071195952965,0,0,0
1,0,1.28157492889787,0,0,0
1,0,1.07579085951741,0,0,0
1,0,0.932391675517262,0,0,0
1,0,0.835573295395799,0,0,0
1,0,0.687408940353619,0,0,0
1,0,0.342273879706436,0,0,0
1,0,0.0760952684645591,0,0,0
