ID,TIME,DV,AMT,MDV,EVID
1,0,0,120,1,1
1,0,0.33006889651576,0,0,0
1,0,0.504823653117533,0,0,0
1,0,0.701817374552676,0,0,0
1,0,0.808106325341001,0,0,0
1,0,1.04992022970245,0,0,0
1,0,0.911852086294539,0,0,0
1,0,0.837857600529982,0,0,0
1,0,0.553915828075734,0,0,0
1,0,0.215713805251346,0,0,0
