ID,TIME,DV,AMT,MDV,EVID
1,0,0,120,1,1
1,0,0.901904488631527,0,0,0
1,0,1.01620764614898,0,0,0
1,0,1.07386911146425,0,0,0
1,0,1.09806397238499,0,0,0
1,0,0.957726978363228,0,0,0
1,0,0.800167964822914,0,0,0
1,0,0.567532424982942,0,0,0
1,0,0.192286045272207,0,0,0
1,0,0.0267506153480609,0,0,0
