ID,TIME,DV,AMT,MDV,EVID
1,0,0,120,1,1
1,0,0.63954654887209,0,0,0
1,0,0.942934483677581,0,0,0
1,0,1.27372697683894,0,0,0
1,0,1.22463265920714,0,0,0
1,0,1.27515990876862,0,0,0
1,0,1.17490939614581,0,0,0
1,0,0.932302512636843,0,0,0
1,0,0.593198250612911,0,0,0
1,0,0.210150150124583,0,0,0
