ID,TIME,DV,AMT,MDV,EVID
1,0,0,120,1,1
1,0,0.350811800265224,0,0,0
1,0,0.438991214892339,0,0,0
1,0,0.68609097263434,0,0,0
1,0,0.82443696965331,0,0,0
1,0,0.784125781288516,0,0,0
1,0,0.621948078879655,0,0,0
1,0,0.501506313706909,0,0,0
1,0,0.149974247237182,0,0,0
1,0,0.0112409760971437,0,0,0
