ID,TIME,DV,AMT,MDV,EVID
1,0,0,120,1,1
1,0,0.440741601437249,0,0,0
1,0,0.688438824039439,0,0,0
1,0,0.926930603707446,0,0,0
1,0,0.963131117162045,0,0,0
1,0,0.992258535342964,0,0,0
1,0,0.823838077082396,0,0,0
1,0,0.573546790934849,0,0,0
1,0,0.244653163739229,0,0,0
1,0,0.0419184728311262,0,0,0
