ID,TIME,DV,AMT,MDV,EVID
1,0,0,120,1,1
1,0,0.716522335744284,0,0,0
1,0,0.841463217000818,0,0,0
1,0,1.00100092455837,0,0,0
1,0,1.04788590328947,0,0,0
1,0,0.907403340380578,0,0,0
1,0,0.841449983511209,0,0,0
1,0,0.690914307553268,0,0,0
1,0,0.304982314583709,0,0,0
1,0,0.0553076634035306,0,0,0
