ID,TIME,DV,AMT,MDV,EVID
1,0,0,120,1,1
1,0,0.814791155313007,0,0,0
1,0,0.965507346437354,0,0,0
1,0,0.976921466781013,0,0,0
1,0,0.903454852333311,0,0,0
1,0,0.750634560269877,0,0,0
1,0,0.621049530579836,0,0,0
1,0,0.466156383566264,0,0,0
1,0,0.215618358328008,0,0,0
1,0,0.04070259787884,0,0,0
