ID,TIME,DV,AMT,MDV,EVID
1,0,0,120,1,1
1,0,0.487484726376096,0,0,0
1,0,0.808603946829704,0,0,0
1,0,0.936030841711719,0,0,0
1,0,1.10435771306934,0,0,0
1,0,1.10882347412221,0,0,0
1,0,1.00693686553715,0,0,0
1,0,0.789501542133007,0,0,0
1,0,0.481973038820042,0,0,0
1,0,0.149516327484517,0,0,0
