ID,TIME,DV,AMT,MDV,EVID
1,0,0,120,1,1
1,0,0.742539668373451,0,0,0
1,0,0.939554358083808,0,0,0
1,0,1.03725821096103,0,0,0
1,0,0.965807453543229,0,0,0
1,0,0.962380303732523,0,0,0
1,0,0.887028139911969,0,0,0
1,0,0.692739695477162,0,0,0
1,0,0.393938303516404,0,0,0
1,0,0.102690766961836,0,0,0
