ID,TIME,DV,AMT,MDV,EVID
1,0,0,120,1,1
1,0,0.678450979834433,0,0,0
1,0,0.78235718956801,0,0,0
1,0,0.908578283059217,0,0,0
1,0,0.87339170107829,0,0,0
1,0,0.878042549199077,0,0,0
1,0,0.780072836108277,0,0,0
1,0,0.671762688279089,0,0,0
1,0,0.418199806435893,0,0,0
1,0,0.178315710647398,0,0,0
