ID,TIME,DV,AMT,MDV,EVID
1,0,0,120,1,1
1,0,0.394069359540462,0,0,0
1,0,0.704636229590278,0,0,0
1,0,0.892695768149847,0,0,0
1,0,1.01914159088027,0,0,0
1,0,1.04952164641964,0,0,0
1,0,0.867384433031481,0,0,0
1,0,0.795501376735385,0,0,0
1,0,0.534530731503413,0,0,0
1,0,0.299558264662569,0,0,0
