ID,TIME,DV,AMT,MDV,EVID
1,0,0,120,1,1
1,0,0.732929318923259,0,0,0
1,0,1.09506602996724,0,0,0
1,0,1.09006725305406,0,0,0
1,0,0.987940393865915,0,0,0
1,0,0.903201858911046,0,0,0
1,0,0.765793178348885,0,0,0
1,0,0.736253029055646,0,0,0
1,0,0.47189145408102,0,0,0
1,0,0.168587090290934,0,0,0
