ID,TIME,DV,AMT,MDV,EVID
1,0,0,120,1,1
1,0,0.404014093172877,0,0,0
1,0,0.708781078831482,0,0,0
1,0,0.848457667028778,0,0,0
1,0,1.06366759395993,0,0,0
1,0,1.00572700138648,0,0,0
1,0,1.04609408875932,0,0,0
1,0,0.906089331683086,0,0,0
1,0,0.603411261337736,0,0,0
1,0,0.271112424498694,0,0,0
