ID,TIME,DV,AMT,MDV,EVID
1,0,0,120,1,1
1,0,0.788468553599707,0,0,0
1,0,0.937650166068891,0,0,0
1,0,1.10152081459122,0,0,0
1,0,0.953645248698543,0,0,0
1,0,0.83576868025725,0,0,0
1,0,0.768434650975162,0,0,0
1,0,0.611852849162806,0,0,0
1,0,0.277691679036609,0,0,0
1,0,0.0486773930076784,0,0,0
