ID,TIME,DV,AMT,MDV,EVID
1,0,0,120,1,1
1,0,0.695382955285585,0,0,0
1,0,0.890248202969716,0,0,0
1,0,1.19151946893933,0,0,0
1,0,1.30745770490739,0,0,0
1,0,1.17193771292974,0,0,0
1,0,0.995752399064742,0,0,0
1,0,0.861561586948954,0,0,0
1,0,0.346374804369417,0,0,0
1,0,0.0484135057260729,0,0,0
