ID,TIME,DV,AMT,MDV,EVID
1,0,0,120,1,1
1,0,0.879970258839234,0,0,0
1,0,1.21256372592415,0,0,0
1,0,1.34026711396959,0,0,0
1,0,1.23552556459977,0,0,0
1,0,1.03800495745981,0,0,0
1,0,0.984062073982886,0,0,0
1,0,0.792543816150931,0,0,0
1,0,0.334716217468608,0,0,0
1,0,0.0522056528235337,0,0,0
