ID,TIME,DV,AMT,MDV,EVID
1,0,0,120,1,1
1,0,0.772133964350134,0,0,0
1,0,0.938160986420195,0,0,0
1,0,1.11344905421162,0,0,0
1,0,0.89986462125472,0,0,0
1,0,0.793164625895274,0,0,0
1,0,0.740358768120753,0,0,0
1,0,0.678971724616641,0,0,0
1,0,0.448841849651058,0,0,0
1,0,0.166558986888543,0,0,0
