ID,TIME,DV,AMT,MDV,EVID
1,0,0,120,1,1
1,0,0.636973624810484,0,0,0
1,0,0.949356391843145,0,0,0
1,0,1.17178945070008,0,0,0
1,0,1.14452380598112,0,0,0
1,0,1.08244495085054,0,0,0
1,0,1.08093530363815,0,0,0
1,0,0.813279014325393,0,0,0
1,0,0.43019012285788,0,0,0
1,0,0.110295420077485,0,0,0
