ID,TIME,DV,AMT,MDV,EVID
1,0,0,120,1,1
1,0,0.609075403579113,0,0,0
1,0,0.73477221356779,0,0,0
1,0,1.05153158059129,0,0,0
1,0,0.96373112108728,0,0,0
1,0,0.890327750313862,0,0,0
1,0,0.87960473449628,0,0,0
1,0,0.733142721461247,0,0,0
1,0,0.414648220863794,0,0,0
1,0,0.136822075593775,0,0,0
