ID,TIME,DV,AMT,MDV,EVID
1,0,0,120,1,1
1,0,0.802520510743038,0,0,0
1,0,1.06964192244618,0,0,0
1,0,1.31859106541697,0,0,0
1,0,1.07485350332235,0,0,0
1,0,0.945848153903956,0,0,0
1,0,0.78147018137781,0,0,0
1,0,0.646113172063376,0,0,0
1,0,0.305351694018495,0,0,0
1,0,0.0787946423722917,0,0,0
