ID,TIME,DV,AMT,MDV,EVID
1,0,0,120,1,1
1,0,0.925464528776132,0,0,0
1,0,1.15809125042166,0,0,0
1,0,1.32103688456862,0,0,0
1,0,1.1403360185643,0,0,0
1,0,1.02742540817703,0,0,0
1,0,0.788757142408006,0,0,0
1,0,0.528268969367247,0,0,0
1,0,0.12863716326809,0,0,0
1,0,0.00750811192897035,0,0,0
