ID,TIME,DV,AMT,MDV,EVID
1,0,0,120,1,1
1,0,0.705426153744711,0,0,0
1,0,1.19717764615183,0,0,0
1,0,1.29801480150906,0,0,0
1,0,1.32716689470011,0,0,0
1,0,1.26281628319219,0,0,0
1,0,1.23171080531831,0,0,0
1,0,0.946259078962416,0,0,0
1,0,0.469217651036946,0,0,0
1,0,0.13978542241678,0,0,0
