ID,TIME,DV,AMT,MDV,EVID
1,0,0,120,1,1
1,0,0.554826291343162,0,0,0
1,0,0.732666764199907,0,0,0
1,0,0.991423116596172,0,0,0
1,0,0.905753505017892,0,0,0
1,0,0.873828901231267,0,0,0
1,0,0.821619325310298,0,0,0
1,0,0.710671833746411,0,0,0
1,0,0.443626486031669,0,0,0
1,0,0.153472212665105,0,0,0
