ID,TIME,DV,AMT,MDV,EVID
1,0,0,120,1,1
1,0,1.25589076818755,0,0,0
1,0,1.57455992018405,0,0,0
1,0,1.41406555649747,0,0,0
1,0,1.31002819135969,0,0,0
1,0,1.19600370660002,0,0,0
1,0,1.17352041637801,0,0,0
1,0,0.964257676065006,0,0,0
1,0,0.72950709325235,0,0,0
1,0,0.344459073820057,0,0,0
