ID,TIME,DV,AMT,MDV,EVID
1,0,0,120,1,1
1,0,0.671276531865343,0,0,0
1,0,0.865480703669052,0,0,0
1,0,1.14392291265578,0,0,0
1,0,1.24186884133571,0,0,0
1,0,1.25067552688926,0,0,0
1,0,1.03646789579238,0,0,0
1,0,0.916381946640954,0,0,0
1,0,0.486207603755446,0,0,0
1,0,0.138714514607812,0,0,0
