ID,TIME,DV,AMT,MDV,EVID
1,0,0,120,1,1
1,0,0.927728990688838,0,0,0
1,0,1.21128730472879,0,0,0
1,0,1.46164976694344,0,0,0
1,0,1.48618579183768,0,0,0
1,0,1.25188738739926,0,0,0
1,0,1.18779847859647,0,0,0
1,0,1.00153948211666,0,0,0
1,0,0.597434531491027,0,0,0
1,0,0.178160538942734,0,0,0
