ID,TIME,DV,AMT,MDV,EVID
1,0,0,120,1,1
1,0,0.701326425245104,0,0,0
1,0,1.0559848756726,0,0,0
1,0,1.2308457383652,0,0,0
1,0,0.969816562795719,0,0,0
1,0,0.889080352158495,0,0,0
1,0,0.750311772127091,0,0,0
1,0,0.760422503761889,0,0,0
1,0,0.518926490061734,0,0,0
1,0,0.231174611449212,0,0,0
