ID,TIME,DV,AMT,MDV,EVID
1,0,0,120,1,1
1,0,1.63999253360214,0,0,0
1,0,1.94827993055555,0,0,0
1,0,1.70860450825718,0,0,0
1,0,1.48089289220107,0,0,0
1,0,1.10462841131156,0,0,0
1,0,1.03627097667634,0,0,0
1,0,0.722294925644975,0,0,0
1,0,0.261105442326251,0,0,0
1,0,0.0345318997939797,0,0,0
