ID,TIME,DV,AMT,MDV,EVID
1,0,0,120,1,1
1,0,0.694569800714297,0,0,0
1,0,0.944189098642222,0,0,0
1,0,1.03289770816277,0,0,0
1,0,1.02170644414853,0,0,0
1,0,1.03297675811387,0,0,0
1,0,0.819667932752903,0,0,0
1,0,0.773625347846812,0,0,0
1,0,0.449232555507993,0,0,0
1,0,0.142057746055327,0,0,0
