ID,TIME,DV,AMT,MDV,EVID
1,0,0,120,1,1
1,0,0.836758739638075,0,0,0
1,0,1.10181592650964,0,0,0
1,0,1.27255499924645,0,0,0
1,0,1.21873728306483,0,0,0
1,0,1.13209575883228,0,0,0
1,0,0.989351636427404,0,0,0
1,0,0.86448625894971,0,0,0
1,0,0.448988049667754,0,0,0
1,0,0.130857387582489,0,0,0
