ID,TIME,DV,AMT,MDV,EVID
1,0,0,120,1,1
1,0,0.609080951222775,0,0,0
1,0,0.77006651531721,0,0,0
1,0,0.954304048516925,0,0,0
1,0,1.07614597254237,0,0,0
1,0,0.895603631208398,0,0,0
1,0,0.888015972586137,0,0,0
1,0,0.680402375374795,0,0,0
1,0,0.302521226349944,0,0,0
1,0,0.0620450551274884,0,0,0
