ID,TIME,DV,AMT,MDV,EVID
1,0,0,120,1,1
1,0,0.776937222969222,0,0,0
1,0,0.946069299134978,0,0,0
1,0,1.03450043077497,0,0,0
1,0,0.872815499233826,0,0,0
1,0,0.82422019055527,0,0,0
1,0,0.875146352554212,0,0,0
1,0,0.793559938550703,0,0,0
1,0,0.481610014853818,0,0,0
1,0,0.222265121788494,0,0,0
