ID,TIME,DV,AMT,MDV,EVID
1,0,0,120,1,1
1,0,0.426041485268141,0,0,0
1,0,0.573376829981064,0,0,0
1,0,0.824789836600191,0,0,0
1,0,0.954334063769834,0,0,0
1,0,0.956335567129766,0,0,0
1,0,0.802892390898312,0,0,0
1,0,0.614180706724025,0,0,0
1,0,0.33061199855441,0,0,0
1,0,0.0648993338746139,0,0,0
