ID,TIME,DV,AMT,MDV,EVID
1,0,0,120,1,1
1,0,0.629595564927884,0,0,0
1,0,0.879735251474342,0,0,0
1,0,1.28252397387477,0,0,0
1,0,1.38166298555968,0,0,0
1,0,1.21853617707292,0,0,0
1,0,1.2984673486667,0,0,0
1,0,0.938715998784914,0,0,0
1,0,0.526209169580048,0,0,0
1,0,0.181372116166168,0,0,0
