ID,TIME,DV,AMT,MDV,EVID
1,0,0,120,1,1
1,0,0.835803781320846,0,0,0
1,0,1.13400507646455,0,0,0
1,0,1.15286711112485,0,0,0
1,0,1.00552040482997,0,0,0
1,0,0.930672993812141,0,0,0
1,0,0.956831504318899,0,0,0
1,0,0.799766975787128,0,0,0
1,0,0.540341883939173,0,0,0
1,0,0.227735809014907,0,0,0
