ID,TIME,DV,AMT,MDV,EVID
1,0,0,120,1,1
1,0,0.56493741807136,0,0,0
1,0,0.853087407982249,0,0,0
1,0,1.13661465977091,0,0,0
1,0,1.34955796604271,0,0,0
1,0,1.33438988719735,0,0,0
1,0,1.14930001179391,0,0,0
1,0,0.878354863027397,0,0,0
1,0,0.419945441185643,0,0,0
1,0,0.117243742164444,0,0,0
