ID,TIME,DV,AMT,MDV,EVID
1,0,0,120,1,1
1,0,0.821159799981581,0,0,0
1,0,0.959946709174755,0,0,0
1,0,1.07788087982486,0,0,0
1,0,0.902397725703819,0,0,0
1,0,0.803120522661227,0,0,0
1,0,0.735918555638865,0,0,0
1,0,0.522687535423509,0,0,0
1,0,0.214734500412324,0,0,0
1,0,0.0397884462889437,0,0,0
