ID,TIME,DV,AMT,MDV,EVID
1,0,0,120,1,1
1,0,0.891798044123708,0,0,0
1,0,1.10787608393998,0,0,0
1,0,1.2175682427124,0,0,0
1,0,1.27485890377024,0,0,0
1,0,1.12539543571421,0,0,0
1,0,1.00151625368995,0,0,0
1,0,0.897390746301273,0,0,0
1,0,0.487945488926559,0,0,0
1,0,0.140532183204211,0,0,0
