ID,TIME,DV,AMT,MDV,EVID
1,0,0,120,1,1
1,0,0.690649290355276,0,0,0
1,0,0.910544069494078,0,0,0
1,0,1.01219876297042,0,0,0
1,0,0.989304964097017,0,0,0
1,0,0.831639563341883,0,0,0
1,0,0.653575275022804,0,0,0
1,0,0.416242126133138,0,0,0
1,0,0.0975473428987364,0,0,0
1,0,0.00676277180652421,0,0,0
