ID,TIME,DV,AMT,MDV,EVID
1,0,0,120,1,1
1,0,0.455052843456165,0,0,0
1,0,0.53922119490554,0,0,0
1,0,0.706436001945812,0,0,0
1,0,0.839771453521256,0,0,0
1,0,0.845558554829385,0,0,0
1,0,0.831861166117543,0,0,0
1,0,0.736686090387034,0,0,0
1,0,0.434950340054221,0,0,0
1,0,0.126034579943716,0,0,0
