ID,TIME,DV,AMT,MDV,EVID
1,0,0,120,1,1
1,0,0.491202040274514,0,0,0
1,0,0.734320021162541,0,0,0
1,0,0.897425561190092,0,0,0
1,0,0.926836143788537,0,0,0
1,0,0.796510828993295,0,0,0
1,0,0.835613940016705,0,0,0
1,0,0.728934114158283,0,0,0
1,0,0.522051900367504,0,0,0
1,0,0.259329391587031,0,0,0
