ID,TIME,DV,AMT,MDV,EVID
1,0,0,120,1,1
1,0,0.587758039516325,0,0,0
1,0,0.941096939680964,0,0,0
1,0,1.03380763803689,0,0,0
1,0,0.896956885749587,0,0,0
1,0,0.818672974837315,0,0,0
1,0,0.691804437768117,0,0,0
1,0,0.585255854560845,0,0,0
1,0,0.337444687669728,0,0,0
1,0,0.0975688230695071,0,0,0
