ID,TIME,DV,AMT,MDV,EVID
1,0,0,120,1,1
1,0,0.411012559689309,0,0,0
1,0,0.647542782179036,0,0,0
1,0,0.765544061844671,0,0,0
1,0,1.06403686521745,0,0,0
1,0,0.995135248553264,0,0,0
1,0,1.07188813924937,0,0,0
1,0,0.955908787865515,0,0,0
1,0,0.718381556309502,0,0,0
1,0,0.349184069169783,0,0,0
