ID,TIME,DV,AMT,MDV,EVID
1,0,0,120,1,1
1,0,0.93210098848409,0,0,0
1,0,0.978721319959285,0,0,0
1,0,0.908202098871645,0,0,0
1,0,0.767765281921927,0,0,0
1,0,0.621171896324574,0,0,0
1,0,0.526372751396188,0,0,0
1,0,0.459162836263595,0,0,0
1,0,0.20806626406268,0,0,0
1,0,0.0520344634683181,0,0,0
