ID,TIME,DV,AMT,MDV,EVID
1,0,0,120,1,1
1,0,0.425799384460142,0,0,0
1,0,0.564407477145952,0,0,0
1,0,0.818382630017856,0,0,0
1,0,1.01583379872236,0,0,0
1,0,1.07457482418306,0,0,0
1,0,1.005231063328,0,0,0
1,0,0.798745189436313,0,0,0
1,0,0.524679855523176,0,0,0
1,0,0.186469978289702,0,0,0
