ID,TIME,DV,AMT,MDV,EVID
1,0,0,120,1,1
1,0,0.808029674232571,0,0,0
1,0,0.972934701368529,0,0,0
1,0,0.982823050769681,0,0,0
1,0,0.978855445101851,0,0,0
1,0,0.932126440671205,0,0,0
1,0,0.852895066244162,0,0,0
1,0,0.662216146127422,0,0,0
1,0,0.29039956638329,0,0,0
1,0,0.0690353563621413,0,0,0
