ID,TIME,DV,AMT,MDV,EVID
1,0,0,120,1,1
1,0,0.958423706096101,0,0,0
1,0,1.30125041980607,0,0,0
1,0,1.47240684348172,0,0,0
1,0,1.35238364653189,0,0,0
1,0,1.14770716602207,0,0,0
1,0,0.884774476535101,0,0,0
1,0,0.516646145615125,0,0,0
1,0,0.124780838735576,0,0,0
1,0,0.00650810036476852,0,0,0
