ID,TIME,DV,AMT,MDV,EVID
1,0,0,120,1,1
1,0,0.468386954709191,0,0,0
1,0,0.806163828564381,0,0,0
1,0,0.981986430788322,0,0,0
1,0,1.09017417484964,0,0,0
1,0,1.09770328561578,0,0,0
1,0,0.942522712874567,0,0,0
1,0,0.977166270995927,0,0,0
1,0,0.754134626421602,0,0,0
1,0,0.419369292017829,0,0,0
