ID,TIME,DV,AMT,MDV,EVID
1,0,0,120,1,1
1,0,0.675466674627572,0,0,0
1,0,1.03401684653174,0,0,0
1,0,1.17645940800913,0,0,0
1,0,1.19753075019085,0,0,0
1,0,1.0862935470736,0,0,0
1,0,0.912384974473544,0,0,0
1,0,0.79416696313602,0,0,0
1,0,0.37179220671812,0,0,0
1,0,0.101159243416962,0,0,0
