ID,TIME,DV,AMT,MDV,EVID
1,0,0,120,1,1
1,0,0.498821123244023,0,0,0
1,0,0.671753992189338,0,0,0
1,0,0.816456795235443,0,0,0
1,0,0.964227279800974,0,0,0
1,0,0.779474859857943,0,0,0
1,0,0.81616357066033,0,0,0
1,0,0.658299372805628,0,0,0
1,0,0.354471348491838,0,0,0
1,0,0.0888183935206807,0,0,0
