ID,TIME,DV,AMT,MDV,EVID
1,0,0,120,1,1
1,0,0.700354398514974,0,0,0
1,0,0.918264210174049,0,0,0
1,0,0.96629163539787,0,0,0
1,0,0.966262836065335,0,0,0
1,0,1.0026067858531,0,0,0
1,0,0.940459496272704,0,0,0
1,0,0.783325773374031,0,0,0
1,0,0.581158138286299,0,0,0
1,0,0.245543418092129,0,0,0
