ID,TIME,DV,AMT,MDV,EVID
1,0,0,120,1,1
1,0,0.374624956306677,0,0,0
1,0,0.534868005459138,0,0,0
1,0,0.768454253169819,0,0,0
1,0,0.813804171105544,0,0,0
1,0,0.68645001927927,0,0,0
1,0,0.75621328751619,0,0,0
1,0,0.608553730764347,0,0,0
1,0,0.359413911189852,0,0,0
1,0,0.127455186795451,0,0,0
