ID,TIME,DV,AMT,MDV,EVID
1,0,0,120,1,1
1,0,0.927837861904532,0,0,0
1,0,1.14702199512336,0,0,0
1,0,0.884792175280547,0,0,0
1,0,0.831427804738208,0,0,0
1,0,0.756119929376678,0,0,0
1,0,0.672896138795161,0,0,0
1,0,0.558661871394797,0,0,0
1,0,0.369639492269193,0,0,0
1,0,0.150587458955274,0,0,0
