ID,TIME,DV,AMT,MDV,EVID
1,0,0,120,1,1
1,0,0.767205889368805,0,0,0
1,0,1.20586307730163,0,0,0
1,0,1.69783850164668,0,0,0
1,0,1.79780593196061,0,0,0
1,0,1.38079129217303,0,0,0
1,0,1.09254288977874,0,0,0
1,0,0.652026623611131,0,0,0
1,0,0.12640351892277,0,0,0
1,0,0.00430498253066119,0,0,0
