ID,TIME,DV,AMT,MDV,EVID
1,0,0,120,1,1
1,0,0.721900967701145,0,0,0
1,0,1.14189837086842,0,0,0
1,0,1.12782536382387,0,0,0
1,0,0.866762878676009,0,0,0
1,0,0.737012769335104,0,0,0
1,0,0.63925388272985,0,0,0
1,0,0.439807085226057,0,0,0
1,0,0.130278499794845,0,0,0
1,0,0.0146197864790626,0,0,0
