ID,TIME,DV,AMT,MDV,EVID
1,0,0,120,1,1
1,0,0.378648027476161,0,0,0
1,0,0.495200438796897,0,0,0
1,0,0.655550571128332,0,0,0
1,0,0.656906037576389,0,0,0
1,0,0.626352967095344,0,0,0
1,0,0.531616273985414,0,0,0
1,0,0.477070393233839,0,0,0
1,0,0.21117539624597,0,0,0
1,0,0.0378249166085983,0,0,0
