ID,TIME,DV,AMT,MDV,EVID
1,0,0,120,1,1
1,0,0.697960885940309,0,0,0
1,0,0.940920990479057,0,0,0
1,0,1.0757939574113,0,0,0
1,0,1.13868226281304,0,0,0
1,0,1.01280450894892,0,0,0
1,0,0.792438477141468,0,0,0
1,0,0.525800699873718,0,0,0
1,0,0.156732781937693,0,0,0
1,0,0.0158009785812214,0,0,0
