ID,TIME,DV,AMT,MDV,EVID
1,0,0,120,1,1
1,0,1.17832767383908,0,0,0
1,0,1.46847536518798,0,0,0
1,0,1.70692033817788,0,0,0
1,0,1.66745207531039,0,0,0
1,0,1.3106337090866,0,0,0
1,0,1.15533903295944,0,0,0
1,0,0.8436240870258,0,0,0
1,0,0.319717597240305,0,0,0
1,0,0.0538195406745052,0,0,0
