ID,TIME,DV,AMT,MDV,EVID
1,0,0,120,1,1
1,0,0.899818779787968,0,0,0
1,0,1.27934073404502,0,0,0
1,0,1.26993982638095,0,0,0
1,0,1.2293426512,0,0,0
1,0,1.1366463568221,0,0,0
1,0,1.00594695503135,0,0,0
1,0,0.786872112334935,0,0,0
1,0,0.441919491304317,0,0,0
1,0,0.132969042362756,0,0,0
