ID,TIME,DV,AMT,MDV,EVID
1,0,0,120,1,1
1,0,0.64229228132879,0,0,0
1,0,0.906475565960514,0,0,0
1,0,1.11437310978635,0,0,0
1,0,1.28671260861583,0,0,0
1,0,1.31333051067102,0,0,0
1,0,1.12785249262907,0,0,0
1,0,0.842171827008147,0,0,0
1,0,0.320754297344799,0,0,0
1,0,0.0458890469148594,0,0,0
