ID,TIME,DV,AMT,MDV,EVID
1,0,0,120,1,1
1,0,0.87400708803811,0,0,0
1,0,1.29566957106125,0,0,0
1,0,1.50183690821431,0,0,0
1,0,1.62224990643551,0,0,0
1,0,1.33627602340995,0,0,0
1,0,1.35567817595314,0,0,0
1,0,1.05603502273211,0,0,0
1,0,0.482391981424296,0,0,0
1,0,0.110721819866491,0,0,0
