ID,TIME,DV,AMT,MDV,EVID
1,0,0,120,1,1
1,0,0.524961538915971,0,0,0
1,0,0.758564519642391,0,0,0
1,0,1.09568119081626,0,0,0
1,0,1.25382401330641,0,0,0
1,0,1.25100153456692,0,0,0
1,0,1.19154125405483,0,0,0
1,0,0.860381021743712,0,0,0
1,0,0.253340237376788,0,0,0
1,0,0.0175909794405509,0,0,0
