ID,TIME,DV,AMT,MDV,EVID
1,0,0,120,1,1
1,0,0.83798611294824,0,0,0
1,0,1.13710705743708,0,0,0
1,0,1.23743432257112,0,0,0
1,0,1.18541139998493,0,0,0
1,0,1.24790516754789,0,0,0
1,0,1.02631213805099,0,0,0
1,0,0.904651830132087,0,0,0
1,0,0.508051358736897,0,0,0
1,0,0.138319218577998,0,0,0
