ID,TIME,DV,AMT,MDV,EVID
1,0,0,120,1,1
1,0,0.648056523406154,0,0,0
1,0,0.905421698897842,0,0,0
1,0,0.986735424601814,0,0,0
1,0,1.0146901169922,0,0,0
1,0,0.767361574224259,0,0,0
1,0,0.677199206513351,0,0,0
1,0,0.474867413805118,0,0,0
1,0,0.186117107766456,0,0,0
1,0,0.0260534770493186,0,0,0
