ID,TIME,DV,AMT,MDV,EVID
1,0,0,120,1,1
1,0,0.789461281756339,0,0,0
1,0,1.1488643020191,0,0,0
1,0,1.14309921625217,0,0,0
1,0,1.08355848432851,0,0,0
1,0,0.980467456809523,0,0,0
1,0,0.868781866191764,0,0,0
1,0,0.679029772710924,0,0,0
1,0,0.322835554680532,0,0,0
1,0,0.0728428940249647,0,0,0
