ID,TIME,DV,AMT,MDV,EVID
1,0,0,120,1,1
1,0,0.850681358914859,0,0,0
1,0,1.09494917732248,0,0,0
1,0,0.93373844807031,0,0,0
1,0,0.787505503658151,0,0,0
1,0,0.670592532408611,0,0,0
1,0,0.588022614671804,0,0,0
1,0,0.490647378925953,0,0,0
1,0,0.247156689467813,0,0,0
1,0,0.090157772014755,0,0,0
