ID,TIME,DV,AMT,MDV,EVID
1,0,0,120,1,1
1,0,0.828084756162946,0,0,0
1,0,1.04518037165232,0,0,0
1,0,1.17788859285284,0,0,0
1,0,0.904008870312672,0,0,0
1,0,0.914569612292817,0,0,0
1,0,0.850029549261541,0,0,0
1,0,0.726194831563497,0,0,0
1,0,0.410032785565913,0,0,0
1,0,0.107325812272238,0,0,0
