ID,TIME,DV,AMT,MDV,EVID
1,0,0,120,1,1
1,0,0.993343825760846,0,0,0
1,0,1.07892905432427,0,0,0
1,0,1.09412528306328,0,0,0
1,0,0.932194735400949,0,0,0
1,0,0.71326386875761,0,0,0
1,0,0.607652934383846,0,0,0
1,0,0.356569321550764,0,0,0
1,0,0.0682900477007052,0,0,0
1,0,0.00289061563692348,0,0,0
