ID,TIME,DV,AMT,MDV,EVID
1,0,0,120,1,1
1,0,0.717932692888179,0,0,0
1,0,0.877273315965981,0,0,0
1,0,1.1187237639412,0,0,0
1,0,1.19559766395718,0,0,0
1,0,1.05088305280137,0,0,0
1,0,0.931838311130439,0,0,0
1,0,0.644413239084034,0,0,0
1,0,0.240291082634131,0,0,0
1,0,0.037007609919897,0,0,0
