ID,TIME,DV,AMT,MDV,EVID
1,0,0,120,1,1
1,0,0.302015425949667,0,0,0
1,0,0.553565165275269,0,0,0
1,0,0.749055911529132,0,0,0
1,0,0.96965749487793,0,0,0
1,0,0.899121026152309,0,0,0
1,0,0.92714791540204,0,0,0
1,0,0.767098865777696,0,0,0
1,0,0.333250831869852,0,0,0
1,0,0.0653313096474613,0,0,0
