ID,TIME,DV,AMT,MDV,EVID
1,0,0,120,1,1
1,0,0.710722048253033,0,0,0
1,0,1.05830661207518,0,0,0
1,0,1.17751113537725,0,0,0
1,0,1.08682642750233,0,0,0
1,0,1.04375005790358,0,0,0
1,0,0.858956142583914,0,0,0
1,0,0.634414782631224,0,0,0
1,0,0.240327151024414,0,0,0
1,0,0.0302198788128782,0,0,0
