ID,TIME,DV,AMT,MDV,EVID
1,0,0,120,1,1
1,0,0.842945675884584,0,0,0
1,0,1.06557864796667,0,0,0
1,0,1.15313753225281,0,0,0
1,0,0.989408997889805,0,0,0
1,0,0.846027265091503,0,0,0
1,0,0.748668956277405,0,0,0
1,0,0.535740019045118,0,0,0
1,0,0.305445872375345,0,0,0
1,0,0.0860654424551446,0,0,0
