ID,TIME,DV,AMT,MDV,EVID
1,0,0,120,1,1
1,0,0.394783390253167,0,0,0
1,0,0.621560886703977,0,0,0
1,0,0.751607899772474,0,0,0
1,0,0.73391095059986,0,0,0
1,0,0.753848108081284,0,0,0
1,0,0.611738738871477,0,0,0
1,0,0.568030572332777,0,0,0
1,0,0.361018995138653,0,0,0
1,0,0.141325825020839,0,0,0
