ID,TIME,DV,AMT,MDV,EVID
1,0,0,120,1,1
1,0,1.09374372338129,0,0,0
1,0,1.2646537578488,0,0,0
1,0,1.44635402999285,0,0,0
1,0,1.16734013560063,0,0,0
1,0,1.20168186597066,0,0,0
1,0,1.04076340753452,0,0,0
1,0,0.867725057784288,0,0,0
1,0,0.391204740552501,0,0,0
1,0,0.0833188147588728,0,0,0
