ID,TIME,DV,AMT,MDV,EVID
1,0,0,120,1,1
1,0,0.957009147104366,0,0,0
1,0,1.19364323758416,0,0,0
1,0,1.02105984034506,0,0,0
1,0,0.764413718689809,0,0,0
1,0,0.773928379258817,0,0,0
1,0,0.734792268829579,0,0,0
1,0,0.578012079275105,0,0,0
1,0,0.323677887764932,0,0,0
1,0,0.111647703340692,0,0,0
