ID,TIME,DV,AMT,MDV,EVID
1,0,0,120,1,1
1,0,0.794144591620677,0,0,0
1,0,0.985993669655912,0,0,0
1,0,1.43021188080156,0,0,0
1,0,1.2813451715442,0,0,0
1,0,1.12077056219206,0,0,0
1,0,0.942835003349979,0,0,0
1,0,0.598504433752006,0,0,0
1,0,0.182337122036393,0,0,0
1,0,0.0140455505785425,0,0,0
