ID,TIME,DV,AMT,MDV,EVID
1,0,0,120,1,1
1,0,0.31633364125276,0,0,0
1,0,0.573962230017722,0,0,0
1,0,0.820412298209407,0,0,0
1,0,0.907933102748197,0,0,0
1,0,0.829076390872814,0,0,0
1,0,0.835023440590987,0,0,0
1,0,0.573677753659324,0,0,0
1,0,0.162196856434126,0,0,0
1,0,0.0124930253613268,0,0,0
