ID,TIME,DV,AMT,MDV,EVID
1,0,0,120,1,1
1,0,0.522604472818875,0,0,0
1,0,0.840575396236599,0,0,0
1,0,0.954197811548376,0,0,0
1,0,1.25664739962041,0,0,0
1,0,1.04058354754628,0,0,0
1,0,1.06077160739989,0,0,0
1,0,0.93571423298369,0,0,0
1,0,0.513276526313572,0,0,0
1,0,0.158397981700245,0,0,0
