ID,TIME,DV,AMT,MDV,EVID
1,0,0,120,1,1
1,0,0.695656406122041,0,0,0
1,0,1.06408905695411,0,0,0
1,0,1.34536503981719,0,0,0
1,0,1.45668977276354,0,0,0
1,0,1.29060789982751,0,0,0
1,0,1.08291064058708,0,0,0
1,0,0.782092928760465,0,0,0
1,0,0.239731673448398,0,0,0
1,0,0.0315530458623032,0,0,0
