ID,TIME,DV,AMT,MDV,EVID
1,0,0,120,1,1
1,0,0.843322442249712,0,0,0
1,0,0.940296880743518,0,0,0
1,0,1.14731796208431,0,0,0
1,0,1.16817028492315,0,0,0
1,0,1.03545514078049,0,0,0
1,0,0.938134410443696,0,0,0
1,0,0.682158199964878,0,0,0
1,0,0.396401969324006,0,0,0
1,0,0.12624083212073,0,0,0
