ID,TIME,DV,AMT,MDV,EVID
1,0,0,120,1,1
1,0,0.327776089318987,0,0,0
1,0,0.488759861798918,0,0,0
1,0,0.679361757445947,0,0,0
1,0,0.787296718134732,0,0,0
1,0,0.784744935994452,0,0,0
1,0,0.655842852704886,0,0,0
1,0,0.642233036147672,0,0,0
1,0,0.537315102505736,0,0,0
1,0,0.280292552593038,0,0,0
