ID,TIME,DV,AMT,MDV,EVID
1,0,0,120,1,1
1,0,1.59907581045699,0,0,0
1,0,1.593210889992,0,0,0
1,0,1.69973044838074,0,0,0
1,0,1.15353368177867,0,0,0
1,0,1.1645934010638,0,0,0
1,0,0.883657614550283,0,0,0
1,0,0.658412463686388,0,0,0
1,0,0.222224545467492,0,0,0
1,0,0.0271781496364505,0,0,0
