ID,TIME,DV,AMT,MDV,EVID
1,0,0,120,1,1
1,0,1.08357624003389,0,0,0
1,0,1.21228451383383,0,0,0
1,0,1.12508389633654,0,0,0
1,0,0.829643132812488,0,0,0
1,0,0.723414410362254,0,0,0
1,0,0.766427104947501,0,0,0
1,0,0.654174144727373,0,0,0
1,0,0.406668079839782,0,0,0
1,0,0.149697038356616,0,0,0
