ID,TIME,DV,AMT,MDV,EVID
1,0,0,120,1,1
1,0,0.609969078758041,0,0,0
1,0,0.874810880814914,0,0,0
1,0,1.05359737563928,0,0,0
1,0,0.887443578294466,0,0,0
1,0,0.866799929419933,0,0,0
1,0,0.797695688617984,0,0,0
1,0,0.650048267612288,0,0,0
1,0,0.419047238761314,0,0,0
1,0,0.160193173263734,0,0,0
