ID,TIME,DV,AMT,MDV,EVID
1,0,0,120,1,1
1,0,0.536708139721928,0,0,0
1,0,0.791665395509968,0,0,0
1,0,1.0347504204771,0,0,0
1,0,1.02357336378303,0,0,0
1,0,0.98777896579487,0,0,0
1,0,0.81654483926181,0,0,0
1,0,0.761186522683602,0,0,0
1,0,0.453538871940616,0,0,0
1,0,0.201110741549076,0,0,0
