ID,TIME,DV,AMT,MDV,EVID
1,0,0,120,1,1
1,0,0.475406873910436,0,0,0
1,0,0.656549314993202,0,0,0
1,0,0.952205078510148,0,0,0
1,0,1.15861170006093,0,0,0
1,0,1.0285524388785,0,0,0
1,0,0.989893895283386,0,0,0
1,0,0.74413390107791,0,0,0
1,0,0.33231894158842,0,0,0
1,0,0.0555701399256136,0,0,0
