ID,TIME,DV,AMT,MDV,EVID
1,0,0,120,1,1
1,0,1.73638088314101,0,0,0
1,0,2.24592217564428,0,0,0
1,0,1.94907241889249,0,0,0
1,0,1.32453093042145,0,0,0
1,0,1.22753233481186,0,0,0
1,0,1.10551303764963,0,0,0
1,0,0.802783498229666,0,0,0
1,0,0.329108314527888,0,0,0
1,0,0.0572162987596432,0,0,0
