,Median,Mean,Min,Max,95CIlo,95CIup,rBias,rRMSE
CL,0.998726,0.99836703,0.933283,1.06763,0.9921364976954378,1.0045975623045622,-0.0016329700000000003,0.0316717950882169
V,1.0730650000000002,1.0724837,1.02712,1.1223,1.0685299385652545,1.0764374614347456,0.07248370000000001,0.07521138300151115
Ka,2.259505,2.2707759,2.06234,2.63125,2.2477424476718575,2.293809352328142,1.2707758999999998,1.2761442615092544
BCL,0.993697,0.98932783,0.845144,1.17243,0.9769693202944068,1.0016863397055933,-0.010672169999999996,0.06363993549470333
BV,0.6803524999999999,0.68101788,0.553569,0.827714,0.6710921128210643,0.6909436471789356,-0.31898212,0.3229374847707525
BKa,1.69802,1.7058078,1.35577,2.09124,1.678293560378101,1.7333220396218991,0.7058077999999999,0.7194960080514693
RUV,1.3704,1.3778254,1.23906,1.62815,1.363595670972567,1.3920551290274332,0.3778254,0.3846691717437206
