Median,Min,Max,95CIlo,95CIup
1.101685,0.861056,1.30262,1.080427342898963,1.113074677101037
1.430425,1.0698,1.90675,1.3668466224632794,1.4252173775367205
2.415495,2.04493,2.89436,2.3691111623071204,2.4449034376928798
0.621097,0.297464,0.900758,0.5950961315858386,0.6451874484141614
0.930668,0.207382,1.17076,0.8101268591837931,0.9015594808162068
0.07124485,0.01,0.623679,0.15755978495297487,0.24573250904702512
7.92007,2.42704,14.8622,6.9915929433734965,8.147520256626503
