,Median,Mean,Min,Max,95CIlo,95CIup
CL,1.101685,1.09675101,0.861056,1.30262,1.080427342898963,1.113074677101037
V,1.430425,1.396032,1.0698,1.90675,1.3668466224632794,1.4252173775367205
Ka,2.415495,2.4070073,2.04493,2.89436,2.3691111623071204,2.4449034376928798
BCL,0.621097,0.62014179,0.297464,0.900758,0.5950961315858386,0.6451874484141614
BV,0.930668,0.85584317,0.207382,1.17076,0.8101268591837931,0.9015594808162068
BKa,0.07124485,0.201646147,0.01,0.623679,0.15755978495297487,0.24573250904702512
RUV,7.92007,7.5695566,2.42704,14.8622,6.991592943373497,8.147520256626503
