Median,Min,Max,95CIlo,95CIup
0.9991775,0.933533,1.06761,0.9924397784234785,1.0049247215765216
1.07294,1.02712,1.12239,1.0684515982300347,1.0763540017699655
2.25571,2.05929,2.62325,2.245055699483125,2.290897300516875
0.31416,0.267184,0.370641,0.3089089528818079,0.3167276271181921
0.21547850000000002,0.175155,0.261737,0.2122885175171556,0.2185605424828444
0.5373755,0.428717,0.662178,0.5310595791111986,0.5485405008888015
1.37031,1.23909,1.62809,1.3636290819577221,1.392092518042278
