,Median,Mean,Min,Max,95CIlo,95CIup,rBias,rRMSE
CL,0.998894,0.99842524,0.931731,1.06704,0.9922189232080663,1.0046315567919337,-0.0015747599999999995,0.03154606835914739
V,1.073655,1.0726454,1.02269,1.11895,1.0686507543351969,1.0766400456648033,0.0726454,0.07542277055372602
Ka,2.2518149999999997,2.2702537,2.03062,2.59036,2.2467604175187916,2.2937469824812085,1.2702537,1.2758403565191847
BCL,0.987514,0.98873348,0.842321,1.16826,0.9766100841701788,1.0008568758298213,-0.011266519999999995,0.06256787682157673
BV,0.6814325,0.68241345,0.540548,0.812994,0.6724958950488817,0.6923310049511182,-0.31758654999999997,0.3215525513331064
BKa,1.700205,1.7057749,1.31326,2.04021,1.6784539457797198,1.7330958542202801,0.7057748999999999,0.7192738816980636
RUV,1.37777,1.3795207,1.23709,1.61592,1.3648685547574084,1.3941728452425917,0.3795207,0.3867411495703554
