,Median,Mean,Min,Max,95CIlo,95CIup,rBias,rRMSE
CL,0.998894,0.9984243,0.931731,1.06704,0.9922177677572274,1.0046308322427726,-0.001575700000000001,0.03154720768118789
V,1.073655,1.0726454,1.02269,1.11895,1.0686507543351969,1.0766400456648033,0.0726454,0.07542277055372602
Ka,2.2518149999999997,2.2702533,2.03062,2.59036,2.246759947975628,2.2937466520243714,1.2702533000000003,1.2758399912728084
BCL,0.987514,0.98873171,0.842321,1.16826,0.9766081370465122,1.0008552829534878,-0.011268289999999999,0.06256908004414001
BV,0.6814325,0.68241244,0.540548,0.812994,0.6724947796463208,0.6923301003536793,-0.31758755999999994,0.32155363265654463
BKa,1.700205,1.7057794,1.31326,2.04022,1.6784562804040082,1.7331025195959917,0.7057794,0.7192804170099448
RUV,1.37777,1.3795203,1.23709,1.61589,1.3648683455198605,1.3941722544801396,0.37952030000000003,0.3867405707822753
