,Median,Mean,Min,Max,95CIlo,95CIup,rBias,rRMSE
CL,0.997864,0.9954270199999999,0.93024,1.06366,0.9893594959555293,1.0014945440444705,-0.004572980000000005,0.031139757659301076
V,1.09928,1.1009099,1.04707,1.15665,1.0962233966202888,1.1055964033797112,0.10090989999999998,0.10367658641660611
Ka,2.2268850000000002,2.2190627,2.00416,2.49696,2.19629840530916,2.2418269946908396,1.2190627000000003,1.224528062039821
BCL,0.9716325,0.97808032,0.855808,1.12679,0.9648905387115426,0.9912701012884574,-0.021919679999999993,0.07045524591838426
BV,0.7471105,0.74836627,0.566306,0.907257,0.735719497943231,0.761013042056769,-0.25163373000000006,0.2596949037347672
BKa,1.65075,1.6542148,1.23361,2.25745,1.6219105462925114,1.6865190537074888,0.6542148,0.6744562199283215
RUV,2.81349,2.8123039,2.23854,3.23997,2.7745970825082646,2.850010717491735,1.8123039000000014,1.8223850834011452
