,Median,Mean,Min,Max,95CIlo,95CIup,rBias,rRMSE
CL,1.00259,0.99916631,0.923479,1.06838,0.992942547626891,1.005390072373109,-0.0008336899999999914,0.03160629903500251
V,1.113875,1.1182724,1.03157,1.22814,1.1105882905994142,1.1259565094005857,0.11827240000000004,0.12453935228673704
Ka,2.11942,92245834.1012679,1.72823,8073160000.0,-66722860.43729064,251214528.63982645,92245833.10126787,812269059.7609541
BCL,0.9823584999999999,0.97460146,0.801603,1.14622,0.9607113696395315,0.9884915503604685,-0.025398539999999997,0.07494859776273335
BV,0.736349,0.7397333700000001,0.560635,1.10515,0.7240224999148475,0.7554442400851527,-0.26026662999999994,0.27221301418901706
BKa,1.7453400000000001,2.871838612,0.01,17.5658,2.374913943759639,3.3687632802403606,1.8718386120000003,3.1412788140223182
RUV,3.096555,3.2931557,2.48309,4.47873,3.1948790368574542,3.3914323631425454,2.2931557,2.3468002930762992
