,Median,Mean,Min,Max,95CIlo,95CIup,rBias,rRMSE
CL,1.0023499999999999,1.00284346,0.93576,1.07142,0.9965431228786745,1.0091437971213255,0.0028434600000000034,0.032110184694267956
V,1.07006,1.0684799,1.01979,1.11281,1.064406442271377,1.072553357728623,0.06847990000000002,0.07153407594286795
Ka,1.702955,1.7148317,1.43243,2.00554,1.6920630877986336,1.7376003122013663,0.7148316999999993,0.7241163814588093
BCL,0.9906364999999999,0.99237426,0.845143,1.17179,0.9803016022921569,1.004446917707843,-0.007625739999999993,0.06176016513967562
BV,0.6838885,0.68522625,0.551684,0.818303,0.6753038874615582,0.6951486125384418,-0.31477374999999996,0.31877860397747837
BKa,1.6081699999999999,1.6143953,1.32683,2.04802,1.5815707840680724,1.6472198159319276,0.6143952999999999,0.6365917167596514
RUV,1.197395,1.2067918,1.0244,1.42529,1.189577808896544,1.2240057911034559,0.2067918,0.2244982979579132
