,Median,Mean,Min,Max,95CIlo,95CIup,rBias,rRMSE
CL,1.1547200000000002,1.16174435,0.786338,1.49155,1.138848288159983,1.184640411840017,0.16174434999999998,0.1991768004470651
V,1.445205,1.4878879,1.00392,2.31252,1.432328142895246,1.5434476571047542,0.48788790000000015,0.5635496214788898
Ka,8.95577,1.8666e+34,1.53305,1.8666e+36,-1.7918687735424655e+34,5.525068773542465e+34,1.8666e+34,1.8666000000000002e+35
BCL,1.9206400000000001,1.89021733,0.889513,3.02633,1.8105075335359389,1.9699271264640612,0.89021733,0.9778700170143731
BV,2.71911,2.48545119,0.44557,4.79967,2.299712775194417,2.671189604805583,1.48545119,1.7594455369919215
BKa,2.3359050000000003,3132.466118888,0.01,150873.0,-614.9989021698793,6879.931139945879,3131.4661188880013,19280.23385619791
RUV,8.993365,8.6423045,3.20595,15.5767,8.002747286337998,9.281861713662002,7.642304499999999,8.30338524277207
