,Median,Mean,Min,Max,95CIlo,95CIup,rBias,rRMSE
CL,0.997147,0.99728454,0.930957,1.06758,0.9910442773563438,1.003524802643656,-0.002715459999999995,0.03179523510653759
V,1.06398,1.0640612,1.01436,1.11213,1.060022196135193,1.068100203864807,0.06406119999999998,0.0672626299961576
Ka,2.06122,2.0789474,1.81646,2.43766,2.053693550573708,2.1042012494262923,1.0789474,1.0865373524623994
BCL,0.9862655,0.9870214900000001,0.84338,1.16677,0.9749923543539963,0.9990506256460038,-0.012978509999999988,0.06243055811051188
BV,0.6849265,0.68648397,0.553402,0.812717,0.6765751040617696,0.6963928359382305,-0.31351603000000006,0.3175258853910181
BKa,1.8927100000000001,1.9077249,1.61179,2.32538,1.8796741797971408,1.9357756202028593,0.9077248999999998,0.9188267432029826
RUV,1.274775,1.2819679,1.11508,1.59164,1.264505919715663,1.299429880284337,0.2819678999999998,0.2955742706952011
