,Median,Mean,Min,Max,95CIlo,95CIup,rBias,rRMSE
CL,1.010625,1.00642727,0.855325,1.07498,0.9991319406519189,1.0137225993480814,0.006427270000000001,0.037588748820225434
V,1.1116899999999998,1.113406,1.05422,1.17535,1.1084003072527804,1.1184116927472194,0.11340599999999997,0.11621822258148679
Ka,1.74436,817084.4777764,1.4908,74444900.0,-645279.7712870764,2279448.7268398767,817083.4777764,7468609.531633415
BCL,0.960932,0.95344202,0.765222,1.13788,0.9394189683601335,0.9674650716398665,-0.04655797999999999,0.08506173828426032
BV,0.6856855,0.6921984,0.480077,0.84591,0.6778453673145389,0.7065514326854611,-0.30780160000000006,0.3163083806101255
BKa,0.01,30.605454690000002,0.01,2969.07,-27.573749249948875,88.78465862994888,29.60545469000012,296.83030206508863
RUV,3.6521350000000004,3.6176081,2.68619,4.24184,3.561922858926348,3.673293341073652,2.6176081000000013,2.632828420889785
