,Median,Mean,Min,Max,95CIlo,95CIup,rBias,rRMSE
CL,1.0023499999999999,1.00284363,0.93576,1.07142,0.9965432889486595,1.0091439710513408,0.002843630000000005,0.032110219621329275
V,1.07006,1.0684798,1.01979,1.11281,1.0644063066216718,1.0725532933783282,0.06847979999999997,0.07153403252997835
Ka,1.702955,1.714831,1.43243,2.00554,1.6920625780845195,1.7375994219154804,0.7148309999999998,0.7241155362385207
BCL,0.990636,0.99237391,0.845143,1.17179,0.9803012837840985,1.0044465362159014,-0.007626089999999993,0.061760049709095946
BV,0.6838975,0.68522646,0.551684,0.818303,0.6753040979049819,0.695148822095018,-0.31477353999999996,0.3187783962600352
BKa,1.6080999999999999,1.6143938,1.32683,2.04802,1.5815692669635553,1.6472183330364447,0.6143938000000002,0.6365902917905675
RUV,1.197395,1.2067919,1.0244,1.42529,1.1895779310584778,1.2240058689415223,0.20679189999999995,0.22449834627675996
