,Median,Mean,Min,Max,95CIlo,95CIup,rBias,rRMSE
CL,0.998544,0.99821757,0.931561,1.06694,0.9920067506366224,1.0044283893633776,-0.0017824299999999972,0.03157993784335238
V,1.066865,1.0660317,1.0184,1.11277,1.0620111672630181,1.0700522327369817,0.06603169999999998,0.06911420178950199
Ka,2.05085,2.0755582,1.80026,2.44452,2.050488921990289,2.100627478009711,1.0755582,1.0830614004598262
BCL,0.9830965,0.98680459,0.841999,1.16323,0.9747684081940995,0.9988407718059005,-0.013195410000000015,0.06251097284469344
BV,0.6759539999999999,0.67701736,0.542207,0.800165,0.6670195100458973,0.6870152099541027,-0.32298264,0.3269462090362878
BKa,1.83105,1.8445114,1.57017,2.2624,1.8172881517580064,1.8717346482419936,0.8445113999999998,0.8557446280590959
RUV,1.31198,1.3118218,1.13882,1.63924,1.2931617840909249,1.330481815909075,0.3118218000000001,0.32589317118037314
