,Median,Mean,Min,Max,95CIlo,95CIup,rBias,rRMSE
CL,1.12971,1.13693589,0.93007,1.58673,1.1140834727063238,1.159788307293676,0.13693588999999995,0.17947184711812042
V,1.49897,1.4904102,1.08411,2.01924,1.4563337748388014,1.5244866251611984,0.49041020000000013,0.5200269741330731
Ka,10.91035,1217696.3077764,1.93128,49302300.0,67151.5631827279,2368241.052370072,1217695.3077764001,5966392.037083317
BCL,1.9353449999999999,1.92247918,0.971648,2.68271,1.8513851156336674,1.9935732443663328,0.9224791800000002,0.9905686373715049
BV,2.84109,2.68179265,0.62321,3.96835,2.528760216557113,2.8348250834428868,1.6817926500000004,1.852556722445823
BKa,0.23163250000000002,4.513375904,0.01,36.1111,3.149292999087856,5.877458808912144,3.5133759039999974,7.765135937188009
RUV,8.59028,8.2537758,2.68176,14.7176,7.733608411527661,8.77394318847234,7.253775799999999,7.719478809940862
