,Median,Mean,Min,Max,95CIlo,95CIup,rBias,rRMSE
CL,1.00202,1.00183603,0.93246,1.07052,0.9955365975291418,1.008135462470858,0.0018360300000000063,0.03203210810124741
V,1.06426,1.064142,1.01409,1.11481,1.0599448852616968,1.068339114738303,0.06414199999999998,0.06758831496642004
Ka,1.654985,1.6604902,1.39509,1.93602,1.6392736309321665,1.6817067690678333,0.6604901999999998,0.6692145704211766
BCL,0.986498,0.98692012,0.842784,1.16852,0.97482296149602,0.9990172785039799,-0.013079880000000002,0.06278941538555682
BV,0.668126,0.6665905599999999,0.533357,0.78422,0.6567979950859603,0.6763831249140396,-0.33340944,0.3370952260869026
BKa,1.493335,1.4886018,1.1568,1.98604,1.4574403835864531,1.519763216413547,0.4886018000000001,0.5135724671222163
RUV,1.268575,1.2819491,1.01183,1.5305,1.2602435915473011,1.303654608452699,0.28194909999999995,0.3027160045108286
