,Median,Mean,Min,Max,95CIlo,95CIup,rBias,rRMSE
CL,1.0186250000000001,1.016302204,0.537004,1.129,1.0126484626965215,1.0199559453034786,0.016302204000000004,0.04472007460830092
V,1.11643,1.113267456,0.632358,1.31506,1.1090222902842246,1.1175126217157754,0.1132674560000001,0.12316848133208429
Ka,1.72658,7.740512280008443e+20,1.22738,3.86728e+23,-7.418927865972169e+20,2.2899952425989054e+21,7.740512280008443e+20,1.7295007057419375e+22
BCL,0.90822,0.910378746,0.593046,1.16225,0.9042684678574334,0.9164890241425666,-0.08962125399999997,0.11349800448951511
BV,0.5680025,0.565512483,0.01,1.02641,0.5552688858087652,0.5757560801912348,-0.4344875170000001,0.4498997953849231
BKa,0.01,135.4267903216,0.01,31074.4,-19.76060541412187,290.6141860573219,134.4267903216002,1773.8191498928927
RUV,4.28001,4.31712716,2.46093,5.41854,4.279793542440595,4.354460777559405,3.317127160000002,3.344306369018425
