,Median,Mean,Min,Max,95CIlo,95CIup,rBias,rRMSE
CL,1.00202,1.00183608,0.93246,1.07052,0.9955366375585525,1.0081355224414472,0.0018360800000000088,0.032032161500279696
V,1.06426,1.064142,1.01409,1.11481,1.0599448852616968,1.068339114738303,0.06414199999999999,0.06758831496642004
Ka,1.654985,1.6604903,1.39509,1.93602,1.6392736892383017,1.6817069107616982,0.6604903000000001,0.6692147031835151
BCL,0.986498,0.98692006,0.842784,1.16853,0.9748228656132656,0.9990172543867344,-0.013079939999999998,0.06278960604909063
BV,0.668126,0.6665905599999999,0.533357,0.78422,0.6567980132574469,0.676383106742553,-0.33340944000000006,0.337095212482705
BKa,1.493335,1.4886019,1.1568,1.98604,1.4574405329774907,1.5197632670225092,0.48860189999999976,0.5135724850271867
RUV,1.26858,1.2819493,1.01183,1.5305,1.2602438196011756,1.3036547803988243,0.28194929999999996,0.3027161389503375
