,Median,Mean,Min,Max,95CIlo,95CIup,rBias,rRMSE
CL,1.0204149999999998,1.01546968,0.953508,1.08125,1.0096447985333128,1.0212945614666873,0.015469679999999986,0.033372400809950714
V,1.11706,1.1121326,1.01987,1.21036,1.1053894880216224,1.1188757119783777,0.11213260000000004,0.11724136164340636
Ka,1.66912,1433556.6906707,1.32998,36813800.0,90881.97064576368,2776231.4106956366,1433555.690670699,6965287.863998066
BCL,0.9143275,0.91076959,0.724068,1.0602,0.8971898382126005,0.9243493417873996,-0.08923041,0.11275891138570819
BV,0.570786,0.56461481,0.294536,0.802759,0.5438293533598314,0.5854002666401686,-0.43538519000000026,0.44798933188540324
BKa,0.01,312.70639140000003,0.01,31074.4,-296.3025494539643,921.7153322539643,311.7063913999996,3107.343907115165
RUV,4.30344,4.3098601,2.90791,5.39278,4.227799534787029,4.391920665212971,3.3098601000000003,3.3359732086896323
