,Median,Mean,Min,Max,95CIlo,95CIup,rBias,rRMSE
CL,1.002615,1.00177388,0.933592,1.07006,0.9955111385631656,1.0080366214368344,0.0017738800000000022,0.031842629199549465
V,1.0655299999999999,1.0633855,1.01169,1.11416,1.0593789252827335,1.0673920747172667,0.06338549999999998,0.06656892364309341
Ka,1.634695,1.6509628,1.45502,1.92434,1.6293609608661186,1.6725646391338815,0.6509627999999998,0.6601352488104237
BCL,0.989639,0.98684784,0.839771,1.1755,0.9744171674756067,0.9992785125243934,-0.013152159999999996,0.06446104988518261
BV,0.666847,0.66305954,0.54388,0.797135,0.6527569735749232,0.6733621064250768,-0.33694046,0.3409755568604002
BKa,1.463335,1.4791296,1.1331,1.85732,1.4492708957624416,1.5089883042375585,0.47912959999999993,0.5025350909956438
RUV,1.280855,1.28557432,0.996522,1.59055,1.2631209942084167,1.3080276457915834,0.28557432,0.30748239118986964
