Median,Min,Max,95CIlo,95CIup
1.00281,0.933677,1.07015,0.9957920257815706,1.0083435142184294
1.06559,1.01154,1.11363,1.059222052702425,1.0672151472975748
1.6345100000000001,1.45435,1.92316,1.6295947529993073,1.6728878470006925
0.31298899999999996,0.265675,0.371526,0.3080783363094094,0.31595062369059057
0.2109345,0.171545,0.252157,0.20643193602629858,0.21295190397370142
0.462766,0.357877,0.587141,0.45841511346141955,0.47734294653858045
1.2809599999999999,0.996603,1.59031,1.2630967666428567,1.3080316933571434
