Median,Min,Max,95CIlo,95CIup
1.132865,0.86478,1.49394,1.1114863066264105,1.1467279133735897
1.157245,1.01326,2.18383,1.2074677945211423,1.2987074054788577
36.4414,0.938046,4.9009300000000005e+61,-4.704716290751887e+59,1.4506576290751889e+60
0.4114635,0.264964,0.836353,0.43426286709632356,0.4837393529036764
0.21079900000000001,0.01,1.23334,0.2919864405807274,0.4155663994192726
5.87845,0.01,672574.0,-4034.3891935358406,32639.50168466584
11.1587,3.6194,15.9234,9.651367687802813,11.137328512197188
