ID,TIME,DV,AMT,MDV,EVID
1,0,0,120,1,1
1,0,1.02640962565312,0,0,0
1,0,0.830964842152027,0,0,0
1,0,0.6036029491954,0,0,0
1,0,0.234861233153208,0,0,0
