ID,TIME,DV,AMT,MDV,EVID
1,0,0,120,1,1
1,0,1.18837536369004,0,0,0
1,0,0.534081189139455,0,0,0
1,0,0.138687353657759,0,0,0
1,0,0.0107430983486588,0,0,0
