ID,TIME,DV,AMT,MDV,EVID
1,0,0,120,1,1
1,0,1.07101496943805,0,0,0
1,0,0.701326260738901,0,0,0
1,0,0.342786064581373,0,0,0
1,0,0.111564877529393,0,0,0
