ID,TIME,DV,AMT,MDV,EVID
1,0,0,120,1,1
1,0,0.91244565681723,0,0,0
1,0,0.74495939254031,0,0,0
1,0,0.40362675109475,0,0,0
1,0,0.109297563567627,0,0,0
