ID,TIME,DV,AMT,MDV,EVID
1,0,0,120,1,1
1,0,0.773843592618581,0,0,0
1,0,0.338002466373547,0,0,0
1,0,0.114250716004689,0,0,0
1,0,0.0156735517917927,0,0,0
