ID,TIME,DV,AMT,MDV,EVID
1,0,0,120,1,1
1,0,0.913288066661785,0,0,0
1,0,0.651043337464734,0,0,0
1,0,0.375167131824789,0,0,0
1,0,0.162026889594392,0,0,0
