ID,TIME,DV,AMT,MDV,EVID
1,0,0,120,1,1
1,0,1.02837262917862,0,0,0
1,0,0.804856068527558,0,0,0
1,0,0.476120359983815,0,0,0
1,0,0.140776316648106,0,0,0
