ID,TIME,DV,AMT,MDV,EVID
1,0,0,120,1,1
1,0,0.991685735671743,0,0,0
1,0,0.782662251103527,0,0,0
1,0,0.379514090390573,0,0,0
1,0,0.0602083373958799,0,0,0
