ID,TIME,DV,AMT,MDV,EVID
1,0,0,120,1,1
1,0,1.36532618339734,0,0,0
1,0,0.577243722834018,0,0,0
1,0,0.292510362424188,0,0,0
1,0,0.0794742355866386,0,0,0
