ID,TIME,DV,AMT,MDV,EVID
1,0,0,120,1,1
1,0,1.39001647932553,0,0,0
1,0,0.901529496869307,0,0,0
1,0,0.461348545486386,0,0,0
1,0,0.104849781690952,0,0,0
