ID,TIME,DV,AMT,MDV,EVID
1,0,0,120,1,1
1,0,1.44017581859358,0,0,0
1,0,0.885713112762295,0,0,0
1,0,0.460277758900757,0,0,0
1,0,0.21922157839631,0,0,0
