ID,TIME,DV,AMT,MDV,EVID
1,0,0,120,1,1
1,0,1.28580095224767,0,0,0
1,0,0.716233370237198,0,0,0
1,0,0.263933519957028,0,0,0
1,0,0.0324651908605119,0,0,0
