ID,TIME,DV,AMT,MDV,EVID
1,0,0,120,1,1
1,0,1.09414900380352,0,0,0
1,0,0.509180951796235,0,0,0
1,0,0.155438317504923,0,0,0
1,0,0.0157503077352069,0,0,0
