ID,TIME,DV,AMT,MDV,EVID
1,0,0,120,1,1
1,0,1.7475497171926,0,0,0
1,0,0.764996558629136,0,0,0
1,0,0.244438782041551,0,0,0
1,0,0.027721683425286,0,0,0
