ID,TIME,DV,AMT,MDV,EVID
1,0,0,120,1,1
1,0,0.600396884174533,0,0,0
1,0,0.512385544647046,0,0,0
1,0,0.339029176125317,0,0,0
1,0,0.150503697595084,0,0,0
