ID,TIME,DV,AMT,MDV,EVID
1,0,0,120,1,1
1,0,1.70917099793861,0,0,0
1,0,0.682967600300941,0,0,0
1,0,0.265012832444069,0,0,0
1,0,0.0390256580361222,0,0,0
