ID,TIME,DV,AMT,MDV,EVID
1,0,0,120,1,1
1,0,1.01325590183892,0,0,0
1,0,0.733269125057293,0,0,0
1,0,0.32208363112965,0,0,0
1,0,0.086812011452771,0,0,0
