ID,TIME,DV,AMT,MDV,EVID
1,0,0,120,1,1
1,0,1.41435286117577,0,0,0
1,0,1.12452873062624,0,0,0
1,0,0.581337843811105,0,0,0
1,0,0.191728210482614,0,0,0
