ID,TIME,DV,AMT,MDV,EVID
1,0,0,120,1,1
1,0,1.1309547615448,0,0,0
1,0,0.788008234890324,0,0,0
1,0,0.429498336947885,0,0,0
1,0,0.103898081920119,0,0,0
