ID,TIME,DV,AMT,MDV,EVID
1,0,0,120,1,1
1,0,1.14059189575474,0,0,0
1,0,0.832914581639986,0,0,0
1,0,0.458359275206097,0,0,0
1,0,0.13723417880427,0,0,0
