ID,TIME,DV,AMT,MDV,EVID
1,0,0,120,1,1
1,0,1.35286979089829,0,0,0
1,0,0.800594798047265,0,0,0
1,0,0.471484810441525,0,0,0
1,0,0.115413336991031,0,0,0
