ID,TIME,DV,AMT,MDV,EVID
1,0,0,120,1,1
1,0,0.855640196118006,0,0,0
1,0,0.593544056914352,0,0,0
1,0,0.371898164075823,0,0,0
1,0,0.125575886383937,0,0,0
