ID,TIME,DV,AMT,MDV,EVID
1,0,0,120,1,1
1,0,1.28484494569347,0,0,0
1,0,0.511339186750719,0,0,0
1,0,0.135643202744031,0,0,0
1,0,0.00952539882964385,0,0,0
