ID,TIME,DV,AMT,MDV,EVID
1,0,0,120,1,1
1,0,1.05380625488732,0,0,0
1,0,0.647852489284338,0,0,0
1,0,0.333807334189326,0,0,0
1,0,0.0957994524168024,0,0,0
