ID,TIME,DV,AMT,MDV,EVID
1,0,0,120,1,1
1,0,0.888454355166777,0,0,0
1,0,1.00031029889681,0,0,0
1,0,0.566214956846653,0,0,0
1,0,0.165022422842701,0,0,0
