ID,TIME,DV,AMT,MDV,EVID
1,0,0,120,1,1
1,0,1.05737787199799,0,0,0
1,0,0.765281114742613,0,0,0
1,0,0.358407363105128,0,0,0
1,0,0.0952007902949084,0,0,0
