ID,TIME,DV,AMT,MDV,EVID
1,0,0,120,1,1
1,0,1.5667451301961,0,0,0
1,0,0.788334133190402,0,0,0
1,0,0.477617969778473,0,0,0
1,0,0.225199085397772,0,0,0
