ID,TIME,DV,AMT,MDV,EVID
1,0,0,120,1,1
1,0,0.926760722484704,0,0,0
1,0,0.63336597318766,0,0,0
1,0,0.340738668319441,0,0,0
1,0,0.102781603405403,0,0,0
