ID,TIME,DV,AMT,MDV,EVID
1,0,0,120,1,1
1,0,0.861303864985286,0,0,0
1,0,0.408584460397765,0,0,0
1,0,0.102073492792047,0,0,0
1,0,0.00540802073122157,0,0,0
