ID,TIME,DV,AMT,MDV,EVID
1,0,0,120,1,1
1,0,1.16643641058394,0,0,0
1,0,0.475746317116645,0,0,0
1,0,0.192443030089583,0,0,0
1,0,0.02727658944473,0,0,0
