ID,TIME,DV,AMT,MDV,EVID
1,0,0,120,1,1
1,0,1.33235131079279,0,0,0
1,0,0.641791823938369,0,0,0
1,0,0.342160588283139,0,0,0
1,0,0.0824827907613747,0,0,0
