ID,TIME,DV,AMT,MDV,EVID
1,0,0,120,1,1
1,0,1.90931181371765,0,0,0
1,0,1.10292299484952,0,0,0
1,0,0.489212690950723,0,0,0
1,0,0.0753713942675279,0,0,0
