ID,TIME,DV,AMT,MDV,EVID
1,0,0,120,1,1
1,0,1.05556012502104,0,0,0
1,0,0.70035262917135,0,0,0
1,0,0.289201351961175,0,0,0
1,0,0.0464916041813523,0,0,0
