ID,TIME,DV,AMT,MDV,EVID
1,0,0,120,1,1
1,0,0.763606041934457,0,0,0
1,0,0.549912576876935,0,0,0
1,0,0.339749773231754,0,0,0
1,0,0.13567834749401,0,0,0
