ID,TIME,DV,AMT,MDV,EVID
1,0,0,120,1,1
1,0,1.75947070927189,0,0,0
1,0,1.05385386351791,0,0,0
1,0,0.471872527285807,0,0,0
1,0,0.100376254272643,0,0,0
