ID,TIME,DV,AMT,MDV,EVID
1,0,0,120,1,1
1,0,0.752697988370956,0,0,0
1,0,0.411371868019203,0,0,0
1,0,0.206138741721022,0,0,0
1,0,0.0495153399480441,0,0,0
