ID,TIME,DV,AMT,MDV,EVID
1,0,0,120,1,1
1,0,1.07293163143494,0,0,0
1,0,0.471577272952775,0,0,0
1,0,0.199637450017162,0,0,0
1,0,0.0302072279783424,0,0,0
