ID,TIME,DV,AMT,MDV,EVID
1,0,0,120,1,1
1,0,1.09563725909772,0,0,0
1,0,0.76538153625222,0,0,0
1,0,0.422894038160163,0,0,0
1,0,0.160384181490256,0,0,0
