ID,TIME,DV,AMT,MDV,EVID
1,0,0,120,1,1
1,0,0.841083994916676,0,0,0
1,0,0.498054996483078,0,0,0
1,0,0.279460948078531,0,0,0
1,0,0.128006085479906,0,0,0
