ID,TIME,DV,AMT,MDV,EVID
1,0,0,120,1,1
1,0,0.627566889668343,0,0,0
1,0,0.676104871720003,0,0,0
1,0,0.352201069592103,0,0,0
1,0,0.104187561330507,0,0,0
