ID,TIME,DV,AMT,MDV,EVID
1,0,0,120,1,1
1,0,1.36017132910363,0,0,0
1,0,0.837708422449971,0,0,0
1,0,0.45401027759395,0,0,0
1,0,0.119095224210242,0,0,0
