ID,TIME,DV,AMT,MDV,EVID
1,0,0,120,1,1
1,0,0.935386650189816,0,0,0
1,0,0.58856844208755,0,0,0
1,0,0.250041152891025,0,0,0
1,0,0.0396874946669702,0,0,0
