ID,TIME,DV,AMT,MDV,EVID
1,0,0,120,1,1
1,0,0.88133329598026,0,0,0
1,0,0.751101585926264,0,0,0
1,0,0.547500092765141,0,0,0
1,0,0.310292666410077,0,0,0
