ID,TIME,DV,AMT,MDV,EVID
1,0,0,120,1,1
1,0,1.21254805409998,0,0,0
1,0,0.750083934128081,0,0,0
1,0,0.288276037282451,0,0,0
1,0,0.0580877435158521,0,0,0
