ID,TIME,DV,AMT,MDV,EVID
1,0,0,120,1,1
1,0,1.58224671273756,0,0,0
1,0,0.912179324118339,0,0,0
1,0,0.500397018031675,0,0,0
1,0,0.13627858835066,0,0,0
