ID,TIME,DV,AMT,MDV,EVID
1,0,0,120,1,1
1,0,1.37517730393726,0,0,0
1,0,0.834405330711754,0,0,0
1,0,0.47367867587594,0,0,0
1,0,0.146193766730896,0,0,0
