ID,TIME,DV,AMT,MDV,EVID
1,0,0,120,1,1
1,0,1.34103659001921,0,0,0
1,0,0.511921533022406,0,0,0
1,0,0.127894403964213,0,0,0
1,0,0.00801178739367317,0,0,0
