ID,TIME,DV,AMT,MDV,EVID
1,0,0,120,1,1
1,0,1.2389340768985,0,0,0
1,0,0.760529911587015,0,0,0
1,0,0.393077821877357,0,0,0
1,0,0.103573537652723,0,0,0
