ID,TIME,DV,AMT,MDV,EVID
1,0,0,120,1,1
1,0,1.53704190555788,0,0,0
1,0,0.814539458804682,0,0,0
1,0,0.468725166312283,0,0,0
1,0,0.149053251909088,0,0,0
