ID,TIME,DV,AMT,MDV,EVID
1,0,0,120,1,1
1,0,0.852264796460614,0,0,0
1,0,0.574485217770782,0,0,0
1,0,0.33681630802627,0,0,0
1,0,0.0889169039431323,0,0,0
