ID,TIME,DV,AMT,MDV,EVID
1,0,0,120,1,1
1,0,1.32421452232775,0,0,0
1,0,0.815431330015403,0,0,0
1,0,0.350044723739519,0,0,0
1,0,0.0681169939039729,0,0,0
