ID,TIME,DV,AMT,MDV,EVID
1,0,0,120,1,1
1,0,1.26177739918773,0,0,0
1,0,0.809752488690519,0,0,0
1,0,0.451496259819483,0,0,0
1,0,0.117466277020964,0,0,0
