ID,TIME,DV,AMT,MDV,EVID
1,0,0,120,1,1
1,0,1.04205157878175,0,0,0
1,0,0.638473485378679,0,0,0
1,0,0.281930704200713,0,0,0
1,0,0.0508588659376155,0,0,0
