ID,TIME,DV,AMT,MDV,EVID
1,0,0,120,1,1
1,0,1.0484921650819,0,0,0
1,0,0.924976064638892,0,0,0
1,0,0.538206940862863,0,0,0
1,0,0.142815529224307,0,0,0
