ID,TIME,DV,AMT,MDV,EVID
1,0,0,120,1,1
1,0,0.936051563617773,0,0,0
1,0,0.585975115187111,0,0,0
1,0,0.411551638814635,0,0,0
1,0,0.163562119542245,0,0,0
