ID,TIME,DV,AMT,MDV,EVID
1,0,0,120,1,1
1,0,1.71148361904634,0,0,0
1,0,0.308468094269847,0,0,0
1,0,0.0340845954416729,0,0,0
1,0,0.000364994808343474,0,0,0
