ID,TIME,DV,AMT,MDV,EVID
1,0,0,120,1,1
1,0,0.982161248945408,0,0,0
1,0,0.509235757849228,0,0,0
1,0,0.148943594367494,0,0,0
1,0,0.0157432624677354,0,0,0
