ID,TIME,DV,AMT,MDV,EVID
1,0,0,120,1,1
1,0,1.71603838168467,0,0,0
1,0,0.789432440483745,0,0,0
1,0,0.354852957591104,0,0,0
1,0,0.0577410466913348,0,0,0
