ID,TIME,DV,AMT,MDV,EVID
1,0,0,120,1,1
1,0,1.14999832275973,0,0,0
1,0,0.739361528787706,0,0,0
1,0,0.332146470509421,0,0,0
1,0,0.0573719966257478,0,0,0
