ID,TIME,DV,AMT,MDV,EVID
1,0,0,120,1,1
1,0,1.19619391847251,0,0,0
1,0,0.845237742168177,0,0,0
1,0,0.467479744054945,0,0,0
1,0,0.115090689140952,0,0,0
