ID,TIME,DV,AMT,MDV,EVID
1,0,0,120,1,1
1,0,0.873127482191831,0,0,0
1,0,0.57027814646415,0,0,0
1,0,0.329145380023664,0,0,0
1,0,0.104295602475867,0,0,0
