ID,TIME,DV,AMT,MDV,EVID
1,0,0,120,1,1
1,0,1.40933358629219,0,0,0
1,0,0.623589689086543,0,0,0
1,0,0.19791190957215,0,0,0
1,0,0.0215827542779754,0,0,0
