ID,TIME,DV,AMT,MDV,EVID
1,0,0,120,1,1
1,0,1.22152779861865,0,0,0
1,0,0.661252044617189,0,0,0
1,0,0.388425908548914,0,0,0
1,0,0.102379668540417,0,0,0
