ID,TIME,DV,AMT,MDV,EVID
1,0,0,120,1,1
1,0,0.89015234918768,0,0,0
1,0,0.881354652069943,0,0,0
1,0,0.374888885576097,0,0,0
1,0,0.0750326701497682,0,0,0
