ID,TIME,DV,AMT,MDV,EVID
1,0,0,120,1,1
1,0,1.31183262796567,0,0,0
1,0,0.78378963921453,0,0,0
1,0,0.514353330039302,0,0,0
1,0,0.188856151849836,0,0,0
