ID,TIME,DV,AMT,MDV,EVID
1,0,0,120,1,1
1,0,1.15266260268493,0,0,0
1,0,0.760156064138342,0,0,0
1,0,0.428255315621976,0,0,0
1,0,0.150725754854266,0,0,0
