ID,TIME,DV,AMT,MDV,EVID
1,0,0,120,1,1
1,0,1.20809337057627,0,0,0
1,0,0.855551335315811,0,0,0
1,0,0.429801696791737,0,0,0
1,0,0.107367125777642,0,0,0
