ID,TIME,DV,AMT,MDV,EVID
1,0,0,120,1,1
1,0,1.34388867194942,0,0,0
1,0,0.689081212013701,0,0,0
1,0,0.279410529858485,0,0,0
1,0,0.0458124179251436,0,0,0
