ID,TIME,DV,AMT,MDV,EVID
1,0,0,120,1,1
1,0,0.925067239982063,0,0,0
1,0,0.811479341119991,0,0,0
1,0,0.473091078450822,0,0,0
1,0,0.17934536035652,0,0,0
