ID,TIME,DV,AMT,MDV,EVID
1,0,0,120,1,1
1,0,1.0812306353485,0,0,0
1,0,0.506812768157954,0,0,0
1,0,0.203345427723674,0,0,0
1,0,0.047847417157606,0,0,0
