ID,TIME,DV,AMT,MDV,EVID
1,0,0,120,1,1
1,0,0.883913059555538,0,0,0
1,0,0.62387617531647,0,0,0
1,0,0.248762087069103,0,0,0
1,0,0.0461856139305052,0,0,0
