ID,TIME,DV,AMT,MDV,EVID
1,0,0,120,1,1
1,0,0.980393556767457,0,0,0
1,0,0.644480152453106,0,0,0
1,0,0.293569274923037,0,0,0
1,0,0.0611310006495991,0,0,0
