ID,TIME,DV,AMT,MDV,EVID
1,0,0,120,1,1
1,0,1.85974871492036,0,0,0
1,0,0.582821274774478,0,0,0
1,0,0.181122617178224,0,0,0
1,0,0.0122278312141094,0,0,0
