ID,TIME,DV,AMT,MDV,EVID
1,0,0,120,1,1
1,0,1.00550676472644,0,0,0
1,0,0.608937871126021,0,0,0
1,0,0.218032408500658,0,0,0
1,0,0.0428067266247885,0,0,0
