ID,TIME,DV,AMT,MDV,EVID
1,0,0,120,1,1
1,0,1.35272503555942,0,0,0
1,0,0.859473501276787,0,0,0
1,0,0.436544900053662,0,0,0
1,0,0.125129421518667,0,0,0
