ID,TIME,DV,AMT,MDV,EVID
1,0,0,120,1,1
1,0,0.830458886373642,0,0,0
1,0,0.869240203787864,0,0,0
1,0,0.526524137432486,0,0,0
1,0,0.239631430997875,0,0,0
