ID,TIME,DV,AMT,MDV,EVID
1,0,0,120,1,1
1,0,0.702047223162633,0,0,0
1,0,0.694131551153708,0,0,0
1,0,0.473930067674338,0,0,0
1,0,0.162111169287373,0,0,0
