ID,TIME,DV,AMT,MDV,EVID
1,0,0,120,1,1
1,0,1.07040422613073,0,0,0
1,0,0.407722673767907,0,0,0
1,0,0.116679519506872,0,0,0
1,0,0.0126393044016679,0,0,0
