ID,TIME,DV,AMT,MDV,EVID
1,0,0,120,1,1
1,0,1.56881351044625,0,0,0
1,0,0.833009138702875,0,0,0
1,0,0.389236302227323,0,0,0
1,0,0.0730256845833601,0,0,0
