ID,TIME,DV,AMT,MDV,EVID
1,0,0,120,1,1
1,0,1.1832688849151,0,0,0
1,0,0.589950541983583,0,0,0
1,0,0.326912607868711,0,0,0
1,0,0.11871763387045,0,0,0
