ID,TIME,DV,AMT,MDV,EVID
1,0,0,120,1,1
1,0,0.965655938072391,0,0,0
1,0,0.384187955578843,0,0,0
1,0,0.216162696846375,0,0,0
1,0,0.0646411597294593,0,0,0
