ID,TIME,DV,AMT,MDV,EVID
1,0,0,120,1,1
1,0,1.27085839258346,0,0,0
1,0,0.674499743104263,0,0,0
1,0,0.263534694480282,0,0,0
1,0,0.0484962804000999,0,0,0
