ID,TIME,DV,AMT,MDV,EVID
1,0,0,120,1,1
1,0,1.10436334263168,0,0,0
1,0,0.588855329866821,0,0,0
1,0,0.221058567799267,0,0,0
1,0,0.0321567405303392,0,0,0
