ID,TIME,DV,AMT,MDV,EVID
1,0,0,120,1,1
1,0,0.983859448726475,0,0,0
1,0,0.805300390052851,0,0,0
1,0,0.434501281738727,0,0,0
1,0,0.118645602459952,0,0,0
