ID,TIME,DV,AMT,MDV,EVID
1,0,0,120,1,1
1,0,1.29398419452827,0,0,0
1,0,0.785226832464924,0,0,0
1,0,0.402188075412238,0,0,0
1,0,0.123969465625756,0,0,0
